{
  "rsi_14": {
    "p1": 24.13825508896285,
    "p99": 88.14049949358983
  },
  "macd_line": {
    "p1": -82.54407214873936,
    "p99": 463.50392295009516
  },
  "macd_signal": {
    "p1": -32.62533945746247,
    "p99": 406.7147542009534
  },
  "macd_hist": {
    "p1": -78.11080296563674,
    "p99": 120.97249905414665
  },
  "bb_pct_upper": {
    "p1": -0.235888801197776,
    "p99": 1.4279046035725038
  },
  "bb_pct_lower": {
    "p1": -0.17395791313153453,
    "p99": 3.09158663208969
  },
  "atr_pct_14": {
    "p1": 0.1499739416830241,
    "p99": 0.7693169972546127
  },
  "volatility_regime": {
    "p1": 0.04338768115942029,
    "p99": 1.0
  },
  "trend_regime_slope": {
    "p1": 0.02417599462509907,
    "p99": 0.3080388123787135
  },
  "adx_14": {
    "p1": 10.422578564423022,
    "p99": 53.76129329079282
  },
  "cmf_20": {
    "p1": -0.14542987687485479,
    "p99": 0.3465543568956211
  },
  "volume_sma_ratio": {
    "p1": 0.17988996315984387,
    "p99": 3.45489449826145
  },
  "return_1": {
    "p1": -0.005970273965133921,
    "p99": 0.011115924352687335
  },
  "return_2": {
    "p1": -0.010157944016912451,
    "p99": 0.012732210135429136
  },
  "return_3": {
    "p1": -0.01097098967159425,
    "p99": 0.014843535118247122
  },
  "return_5": {
    "p1": -0.01098716354170331,
    "p99": 0.017073850180779906
  },
  "ma10_ratio": {
    "p1": -0.007245824548658209,
    "p99": 0.01289659633875954
  },
  "ma30_ratio": {
    "p1": -0.007546296613262371,
    "p99": 0.02013840173263471
  },
  "bb_zscore": {
    "p1": -2.6956354268670832,
    "p99": 2.8434490044719194
  },
  "macd_hist_ratio": {
    "p1": -0.006427768762983833,
    "p99": 0.0011777823337602805
  },
  "volume_ratio": {
    "p1": 0.17988996315984387,
    "p99": 3.45489449826145
  },
  "fft_real": {
    "p1": -4176.014663093849,
    "p99": 3903.58803339698
  },
  "fft_imag": {
    "p1": -2558.8322838714134,
    "p99": 8235.857416950657
  },
  "corr_btc_eth_20": {
    "p1": 0.38268636406197803,
    "p99": 0.9701821987285023
  },
  "corr_btc_sol_20": {
    "p1": 0.42229203942516025,
    "p99": 0.9552826016119845
  },
  "corr_btc_eth_100": {
    "p1": 0.0,
    "p99": 0.9171465794396328
  },
  "corr_btc_sol_100": {
    "p1": 0.0,
    "p99": 0.8726198820221376
  },
  "ratio_btc_eth_norm": {
    "p1": -2.7822268833706136,
    "p99": 0.03130470318194101
  },
  "ratio_btc_sol_norm": {
    "p1": -1.77766164002815,
    "p99": 0.8666711116338617
  },
  "ratio_btc_bnb_norm": {
    "p1": 0.0,
    "p99": 3.1407699082811082
  },
  "btc_funding_rate": {
    "p1": 1.894e-05,
    "p99": 8.926e-05
  },
  "funding_mom_1": {
    "p1": -1.4136999999999994e-05,
    "p99": 2.1085999999999954e-05
  },
  "funding_mom_3": {
    "p1": -7.031999999999999e-05,
    "p99": 3.526e-05
  },
  "funding_spread_eth": {
    "p1": -2.2130000000000007e-05,
    "p99": 4.7999999999999994e-05
  },
  "funding_spread_sol": {
    "p1": -4.600000000000001e-05,
    "p99": 0.00010357
  },
  "funding_spread_bnb": {
    "p1": -0.00011359,
    "p99": 5.278e-05
  }
}