{
  "rsi_14": {
    "p1": 20.459707664621515,
    "p99": 78.48660280082018
  },
  "macd_line": {
    "p1": -1.812455503839342,
    "p99": 1.486489690207443
  },
  "macd_signal": {
    "p1": -1.746043843777336,
    "p99": 1.3081395326809295
  },
  "macd_hist": {
    "p1": -0.5044910044386229,
    "p99": 0.6562061667194738
  },
  "bb_pct_upper": {
    "p1": -0.04956511844138547,
    "p99": 1.5416914695162722
  },
  "bb_pct_lower": {
    "p1": -0.12615498242474407,
    "p99": 1.557692904843019
  },
  "atr_pct_14": {
    "p1": 0.09867761787499298,
    "p99": 0.4098242651911201
  },
  "volatility_regime": {
    "p1": 0.008479459608491868,
    "p99": 1.0
  },
  "trend_regime_slope": {
    "p1": -0.16140214929820082,
    "p99": 0.11805663021921906
  },
  "adx_14": {
    "p1": 8.533630229829415,
    "p99": 81.96466250352192
  },
  "cmf_20": {
    "p1": -0.311043059397631,
    "p99": 0.2913650747173196
  },
  "volume_sma_ratio": {
    "p1": 0.28551469687488373,
    "p99": 3.364750379702223
  },
  "corr_btc_eth_20": {
    "p1": -0.3325726056975558,
    "p99": 0.7955380321306877
  },
  "corr_btc_sol_20": {
    "p1": -0.2830827333097632,
    "p99": 0.7300246019988642
  },
  "corr_btc_eth_100": {
    "p1": 0.0,
    "p99": 0.5687088001832796
  },
  "corr_btc_sol_100": {
    "p1": 0.0,
    "p99": 0.4895294659262087
  },
  "ratio_btc_eth_norm": {
    "p1": -2.7775833168241113,
    "p99": 1.9940204241449544
  },
  "ratio_btc_sol_norm": {
    "p1": -2.7706194580664576,
    "p99": 2.3182022294003892
  },
  "ratio_btc_bnb_norm": {
    "p1": -2.473217801481755,
    "p99": 2.345738849581693
  },
  "btc_funding_rate": {
    "p1": 0.0,
    "p99": 0.0
  },
  "funding_mom_1": {
    "p1": 0.0,
    "p99": 0.0
  },
  "funding_mom_3": {
    "p1": 0.0,
    "p99": 0.0
  },
  "funding_spread_eth": {
    "p1": 0.0,
    "p99": 0.0
  },
  "funding_spread_sol": {
    "p1": 0.0,
    "p99": 0.0
  },
  "funding_spread_bnb": {
    "p1": 0.0,
    "p99": 0.0
  }
}