{
  "rsi_14": {
    "p1": 26.012578350798147,
    "p99": 71.84054589242014
  },
  "macd_line": {
    "p1": -0.8667781757990725,
    "p99": 2.1572158944832514
  },
  "macd_signal": {
    "p1": -0.6669090135793037,
    "p99": 1.8937803795677006
  },
  "macd_hist": {
    "p1": -0.6999379377930504,
    "p99": 0.7373292549529762
  },
  "bb_pct_upper": {
    "p1": -0.10618758457034302,
    "p99": 1.4828230279023076
  },
  "bb_pct_lower": {
    "p1": -0.1407189220595727,
    "p99": 1.9243876336420735
  },
  "atr_pct_14": {
    "p1": 0.25301999505491773,
    "p99": 0.5820201862007657
  },
  "volatility_regime": {
    "p1": 0.04255545696539485,
    "p99": 1.0
  },
  "trend_regime_slope": {
    "p1": -0.08164301069302743,
    "p99": 0.1014137801431868
  },
  "adx_14": {
    "p1": 12.43392225858234,
    "p99": 45.76436012316324
  },
  "cmf_20": {
    "p1": -0.10752088445036632,
    "p99": 0.31709974137410346
  },
  "volume_sma_ratio": {
    "p1": 0.357186086400581,
    "p99": 2.4981182459226514
  },
  "return_1": {
    "p1": -0.005027422065461895,
    "p99": 0.008103931846332487
  },
  "return_2": {
    "p1": -0.0077185617758583815,
    "p99": 0.010280000108816202
  },
  "return_3": {
    "p1": -0.009280080129105932,
    "p99": 0.011385686807570542
  },
  "return_5": {
    "p1": -0.008570901514913158,
    "p99": 0.0119933458869731
  },
  "ma10_ratio": {
    "p1": -0.0069411285877577465,
    "p99": 0.00836891685615692
  },
  "ma30_ratio": {
    "p1": -0.007781128348709239,
    "p99": 0.01185964405750684
  },
  "bb_zscore": {
    "p1": -2.469493205582622,
    "p99": 2.337026418186803
  },
  "macd_hist_ratio": {
    "p1": -0.0036655101003725873,
    "p99": 0.0017895690494284947
  },
  "volume_ratio": {
    "p1": 0.357186086400581,
    "p99": 2.4981182459226514
  },
  "fft_real": {
    "p1": -29.25652630845383,
    "p99": 28.208809533120355
  },
  "fft_imag": {
    "p1": -34.012363738575765,
    "p99": 48.41273325392523
  },
  "corr_btc_eth_20": {
    "p1": 0.05971982009529604,
    "p99": 0.9642120298157264
  },
  "corr_btc_sol_20": {
    "p1": 0.3686713071997014,
    "p99": 0.9340793606850014
  },
  "corr_btc_eth_100": {
    "p1": 0.0,
    "p99": 0.8500657343412149
  },
  "corr_btc_sol_100": {
    "p1": 0.0,
    "p99": 0.8139267896609266
  },
  "ratio_btc_eth_norm": {
    "p1": -2.4972573839844565,
    "p99": 0.0
  },
  "ratio_btc_sol_norm": {
    "p1": -1.9948340250379042,
    "p99": 0.0
  },
  "ratio_btc_bnb_norm": {
    "p1": 0.0,
    "p99": 0.0
  },
  "btc_funding_rate": {
    "p1": 1.894e-05,
    "p99": 8.926e-05
  },
  "funding_mom_1": {
    "p1": -1.35456e-05,
    "p99": 2.0936799999999877e-05
  },
  "funding_mom_3": {
    "p1": -7.031999999999999e-05,
    "p99": 3.526e-05
  },
  "funding_spread_eth": {
    "p1": -2.2130000000000007e-05,
    "p99": 4.7999999999999994e-05
  },
  "funding_spread_sol": {
    "p1": -4.600000000000001e-05,
    "p99": 0.00010357
  },
  "funding_spread_bnb": {
    "p1": -0.00011359,
    "p99": 5.278e-05
  }
}