{
  "rsi_14": {
    "p1": 21.10589095439624,
    "p99": 77.26562476831896
  },
  "macd_line": {
    "p1": -1.8176890191153734,
    "p99": 1.4884282678826297
  },
  "macd_signal": {
    "p1": -1.7497546000750503,
    "p99": 1.3118009341359578
  },
  "macd_hist": {
    "p1": -0.5012518818581344,
    "p99": 0.5377255871781569
  },
  "bb_pct_upper": {
    "p1": -0.05051499614397276,
    "p99": 1.5236468040008302
  },
  "bb_pct_lower": {
    "p1": -0.11608984248273287,
    "p99": 1.4792226032095295
  },
  "atr_pct_14": {
    "p1": 0.09796252057558374,
    "p99": 0.38868403044268285
  },
  "volatility_regime": {
    "p1": 0.0082671629445823,
    "p99": 1.0
  },
  "trend_regime_slope": {
    "p1": -0.162677888356769,
    "p99": 0.1190984890928835
  },
  "adx_14": {
    "p1": 8.419364184425628,
    "p99": 82.1582999382785
  },
  "cmf_20": {
    "p1": -0.2835043938615275,
    "p99": 0.29700898304597306
  },
  "volume_sma_ratio": {
    "p1": 0.28977633677930986,
    "p99": 3.330878126356886
  },
  "return_1": {
    "p1": -0.00333829918058179,
    "p99": 0.0032103541745567964
  },
  "return_2": {
    "p1": -0.004949864384165401,
    "p99": 0.005301069540335347
  },
  "return_3": {
    "p1": -0.005529346443913146,
    "p99": 0.005976006345747756
  },
  "return_5": {
    "p1": -0.007814840685526956,
    "p99": 0.0076819165311826105
  },
  "ma10_ratio": {
    "p1": -0.0052968079323443395,
    "p99": 0.005151187661653976
  },
  "ma30_ratio": {
    "p1": -0.009133226650885272,
    "p99": 0.007919747128435017
  },
  "bb_zscore": {
    "p1": -2.7151295132457034,
    "p99": 2.3592107764748844
  },
  "macd_hist_ratio": {
    "p1": -0.002481867275539739,
    "p99": 0.0033430004100287298
  },
  "volume_ratio": {
    "p1": 0.28977633677930986,
    "p99": 3.330878126356886
  },
  "fft_real": {
    "p1": -17.298098832151254,
    "p99": 16.556144530435088
  },
  "fft_imag": {
    "p1": -27.508279779650152,
    "p99": 29.546743900780594
  },
  "corr_btc_eth_20": {
    "p1": 0.9999999999999994,
    "p99": 1.0000000000000075
  },
  "corr_btc_sol_20": {
    "p1": 0.9999999999999994,
    "p99": 1.0000000000000075
  },
  "corr_btc_eth_100": {
    "p1": 0.0,
    "p99": 1.0000000000000013
  },
  "corr_btc_sol_100": {
    "p1": 0.0,
    "p99": 1.0000000000000013
  },
  "ratio_btc_eth_norm": {
    "p1": 0.0,
    "p99": 0.0
  },
  "ratio_btc_sol_norm": {
    "p1": 0.0,
    "p99": 0.0
  },
  "ratio_btc_bnb_norm": {
    "p1": 0.0,
    "p99": 0.0
  },
  "btc_funding_rate": {
    "p1": 0.0,
    "p99": 0.0
  },
  "funding_mom_1": {
    "p1": 0.0,
    "p99": 0.0
  },
  "funding_mom_3": {
    "p1": 0.0,
    "p99": 0.0
  },
  "funding_spread_eth": {
    "p1": 0.0,
    "p99": 0.0
  },
  "funding_spread_sol": {
    "p1": 0.0,
    "p99": 0.0
  },
  "funding_spread_bnb": {
    "p1": 0.0,
    "p99": 0.0
  }
}