{
  "rsi_14": {
    "p1": 12.157025508671088,
    "p99": 87.3589117580329
  },
  "macd_line": {
    "p1": -1.2142931678782338,
    "p99": 1.095546529362907
  },
  "macd_signal": {
    "p1": -1.0512179194398354,
    "p99": 0.9973017864906721
  },
  "macd_hist": {
    "p1": -0.3415313522117115,
    "p99": 0.46092688483642064
  },
  "bb_pct_upper": {
    "p1": -0.060394469082550195,
    "p99": 1.152297505306637
  },
  "bb_pct_lower": {
    "p1": -0.06152183867790695,
    "p99": 1.1115911172130888
  },
  "atr_pct_14": {
    "p1": 0.04670065161105519,
    "p99": 0.24267073776246648
  },
  "volatility_regime": {
    "p1": 0.0037344177986472133,
    "p99": 0.9858929546550314
  },
  "trend_regime_slope": {
    "p1": -0.1164007142152848,
    "p99": 0.08382729977001668
  },
  "adx_14": {
    "p1": 7.825962992952747,
    "p99": 67.51117961896585
  },
  "cmf_20": {
    "p1": -0.3940857576701283,
    "p99": 0.3930078433238292
  },
  "volume_sma_ratio": {
    "p1": 0.2434972518069466,
    "p99": 3.8085519109702326
  },
  "return_1": {
    "p1": -0.0018005547348483386,
    "p99": 0.0019812622208793757
  },
  "return_2": {
    "p1": -0.0025786131091824946,
    "p99": 0.0029993919910227635
  },
  "return_3": {
    "p1": -0.00322912829627096,
    "p99": 0.0033686508720739083
  },
  "return_5": {
    "p1": -0.00440865789301716,
    "p99": 0.004725748548461545
  },
  "ma10_ratio": {
    "p1": -0.003392112557625466,
    "p99": 0.0035736721879943505
  },
  "ma30_ratio": {
    "p1": -0.006130730990275005,
    "p99": 0.005714442891910302
  },
  "bb_zscore": {
    "p1": -2.4355980674838427,
    "p99": 2.6034421353646198
  },
  "macd_hist_ratio": {
    "p1": -0.0017911800842814246,
    "p99": 0.0019269833003968846
  },
  "volume_ratio": {
    "p1": 0.2434972518069466,
    "p99": 3.8085519109702326
  },
  "fft_real": {
    "p1": -10.211477769955172,
    "p99": 10.136516881239308
  },
  "fft_imag": {
    "p1": -15.655621428939108,
    "p99": 18.064549694318885
  },
  "corr_btc_eth_20": {
    "p1": 0.9999999999999994,
    "p99": 1.0000000000000075
  },
  "corr_btc_sol_20": {
    "p1": 0.9999999999999994,
    "p99": 1.0000000000000075
  },
  "corr_btc_eth_100": {
    "p1": 0.0,
    "p99": 1.0000000000000004
  },
  "corr_btc_sol_100": {
    "p1": 0.0,
    "p99": 1.0000000000000004
  },
  "ratio_btc_eth_norm": {
    "p1": 0.0,
    "p99": 0.0
  },
  "ratio_btc_sol_norm": {
    "p1": 0.0,
    "p99": 0.0
  },
  "ratio_btc_bnb_norm": {
    "p1": 0.0,
    "p99": 0.0
  },
  "btc_funding_rate": {
    "p1": 0.0,
    "p99": 0.0
  },
  "funding_mom_1": {
    "p1": 0.0,
    "p99": 0.0
  },
  "funding_mom_3": {
    "p1": 0.0,
    "p99": 0.0
  },
  "funding_spread_eth": {
    "p1": 0.0,
    "p99": 0.0
  },
  "funding_spread_sol": {
    "p1": 0.0,
    "p99": 0.0
  },
  "funding_spread_bnb": {
    "p1": 0.0,
    "p99": 0.0
  }
}