{
  "rsi_14": {
    "p1": 26.32944052586748,
    "p99": 74.49003508223879
  },
  "macd_line": {
    "p1": -1.5161744856223105,
    "p99": 2.154346884511225
  },
  "macd_signal": {
    "p1": -2.1734860166125625,
    "p99": 1.8923820872644426
  },
  "macd_hist": {
    "p1": -0.6985033889015585,
    "p99": 0.7704269266885077
  },
  "bb_pct_upper": {
    "p1": -0.10229113310923807,
    "p99": 1.2306992333133733
  },
  "bb_pct_lower": {
    "p1": -0.1362452699640736,
    "p99": 1.9190672103817727
  },
  "atr_pct_14": {
    "p1": 0.25321453145484957,
    "p99": 0.5817666080201889
  },
  "volatility_regime": {
    "p1": 0.04360248447204969,
    "p99": 0.9996103896103896
  },
  "trend_regime_slope": {
    "p1": -0.14814943007915812,
    "p99": 0.10132725447788143
  },
  "adx_14": {
    "p1": 12.473607026189931,
    "p99": 52.5616775669027
  },
  "cmf_20": {
    "p1": -0.10224038063989888,
    "p99": 0.3150981590844148
  },
  "volume_sma_ratio": {
    "p1": 0.32788692081089527,
    "p99": 2.4867353474659097
  },
  "corr_btc_eth_20": {
    "p1": 0.06220649477991542,
    "p99": 0.9638631374138044
  },
  "corr_btc_sol_20": {
    "p1": 0.369907717214857,
    "p99": 0.9339308268046225
  },
  "corr_btc_eth_100": {
    "p1": 0.0,
    "p99": 0.8488090801636857
  },
  "corr_btc_sol_100": {
    "p1": 0.0,
    "p99": 0.8096470793795949
  },
  "ratio_btc_eth_norm": {
    "p1": -2.4959852963393385,
    "p99": 0.0
  },
  "ratio_btc_sol_norm": {
    "p1": -1.990112089393318,
    "p99": 0.0
  },
  "ratio_btc_bnb_norm": {
    "p1": 0.0,
    "p99": 0.0
  },
  "btc_funding_rate": {
    "p1": 1.894e-05,
    "p99": 8.926e-05
  },
  "funding_mom_1": {
    "p1": -1.0948099999999998e-05,
    "p99": 2.0101799999999988e-05
  },
  "funding_mom_3": {
    "p1": -7.031999999999999e-05,
    "p99": 3.526e-05
  },
  "funding_spread_eth": {
    "p1": -2.2130000000000007e-05,
    "p99": 4.7999999999999994e-05
  },
  "funding_spread_sol": {
    "p1": -4.600000000000001e-05,
    "p99": 0.00010357
  },
  "funding_spread_bnb": {
    "p1": -0.00011359,
    "p99": 5.278e-05
  }
}