{
  "rsi_14": {
    "p1": 19.043725278516266,
    "p99": 81.37224341430132
  },
  "macd_line": {
    "p1": -45.90692806298353,
    "p99": 65.93834413264577
  },
  "macd_signal": {
    "p1": -40.86846620445627,
    "p99": 64.10661528756904
  },
  "macd_hist": {
    "p1": -16.63721742556562,
    "p99": 27.033862407628764
  },
  "bb_pct_upper": {
    "p1": -0.15835100796746618,
    "p99": 3.6220346572810205
  },
  "bb_pct_lower": {
    "p1": -0.19419905455108502,
    "p99": 5.692513899906629
  },
  "atr_pct_14": {
    "p1": 0.1283488777844643,
    "p99": 0.8116139128333842
  },
  "volatility_regime": {
    "p1": 0.07961538461538462,
    "p99": 1.0
  },
  "trend_regime_slope": {
    "p1": -0.267223785155971,
    "p99": 0.2719464372460185
  },
  "adx_14": {
    "p1": 9.352066102358927,
    "p99": 63.22732008138131
  },
  "cmf_20": {
    "p1": -0.23346300553525753,
    "p99": 0.28507590172346525
  },
  "volume_sma_ratio": {
    "p1": 0.22461725654932232,
    "p99": 5.455725302597947
  },
  "corr_btc_eth_20": {
    "p1": 0.0,
    "p99": 0.0
  },
  "corr_btc_sol_20": {
    "p1": 0.0,
    "p99": 0.0
  },
  "corr_btc_eth_100": {
    "p1": 0.0,
    "p99": 0.0
  },
  "corr_btc_sol_100": {
    "p1": 0.0,
    "p99": 0.0
  },
  "ratio_btc_eth_norm": {
    "p1": 0.0,
    "p99": 0.0
  },
  "ratio_btc_sol_norm": {
    "p1": 0.0,
    "p99": 0.0
  },
  "ratio_btc_bnb_norm": {
    "p1": 0.0,
    "p99": 0.0
  },
  "btc_funding_rate": {
    "p1": 0.0,
    "p99": 0.0
  },
  "funding_mom_1": {
    "p1": 0.0,
    "p99": 0.0
  },
  "funding_mom_3": {
    "p1": 0.0,
    "p99": 0.0
  },
  "funding_spread_eth": {
    "p1": 0.0,
    "p99": 0.0
  },
  "funding_spread_sol": {
    "p1": 0.0,
    "p99": 0.0
  },
  "funding_spread_bnb": {
    "p1": 0.0,
    "p99": 0.0
  }
}