{
  "rsi_14": {
    "p1": 18.965283308890978,
    "p99": 80.49528388091736
  },
  "macd_line": {
    "p1": -32.44614887332659,
    "p99": 50.541839423589636
  },
  "macd_signal": {
    "p1": -31.45400432914736,
    "p99": 49.05104873478551
  },
  "macd_hist": {
    "p1": -8.19280652719895,
    "p99": 8.68187890903091
  },
  "bb_pct_upper": {
    "p1": -0.1518615668628847,
    "p99": 2.119027834124407
  },
  "bb_pct_lower": {
    "p1": -0.15695943942741983,
    "p99": 3.143830339464625
  },
  "atr_pct_14": {
    "p1": 0.05339097231305993,
    "p99": 0.5067833566465709
  },
  "volatility_regime": {
    "p1": 0.03451251078515962,
    "p99": 1.0
  },
  "trend_regime_slope": {
    "p1": -0.22188677806220686,
    "p99": 0.27080625634698713
  },
  "adx_14": {
    "p1": 8.083723338661256,
    "p99": 81.47742708685266
  },
  "cmf_20": {
    "p1": -0.26100345979349276,
    "p99": 0.32822069907174517
  },
  "volume_sma_ratio": {
    "p1": 0.15752221135839384,
    "p99": 5.082870571491106
  },
  "corr_btc_eth_20": {
    "p1": 0.0,
    "p99": 0.0
  },
  "corr_btc_sol_20": {
    "p1": 0.0,
    "p99": 0.0
  },
  "corr_btc_eth_100": {
    "p1": 0.0,
    "p99": 0.0
  },
  "corr_btc_sol_100": {
    "p1": 0.0,
    "p99": 0.0
  },
  "ratio_btc_eth_norm": {
    "p1": 0.0,
    "p99": 0.0
  },
  "ratio_btc_sol_norm": {
    "p1": 0.0,
    "p99": 0.0
  },
  "ratio_btc_bnb_norm": {
    "p1": 0.0,
    "p99": 0.0
  },
  "btc_funding_rate": {
    "p1": 0.0,
    "p99": 0.0
  },
  "funding_mom_1": {
    "p1": 0.0,
    "p99": 0.0
  },
  "funding_mom_3": {
    "p1": 0.0,
    "p99": 0.0
  },
  "funding_spread_eth": {
    "p1": 0.0,
    "p99": 0.0
  },
  "funding_spread_sol": {
    "p1": 0.0,
    "p99": 0.0
  },
  "funding_spread_bnb": {
    "p1": 0.0,
    "p99": 0.0
  }
}