{
  "rsi_14": {
    "p1": 15.741192851707986,
    "p99": 84.5666041077186
  },
  "macd_line": {
    "p1": -154.37816202365894,
    "p99": 178.15573644449057
  },
  "macd_signal": {
    "p1": -142.8321487441711,
    "p99": 178.49695659439917
  },
  "macd_hist": {
    "p1": -49.56842367873106,
    "p99": 60.35862355070604
  },
  "bb_pct_upper": {
    "p1": -0.08514869766812237,
    "p99": 1.2072563586733174
  },
  "bb_pct_lower": {
    "p1": -0.08065698923837694,
    "p99": 1.3984550772932083
  },
  "atr_pct_14": {
    "p1": 0.012011082340436968,
    "p99": 0.29736851891425264
  },
  "volatility_regime": {
    "p1": 0.0025061403508771928,
    "p99": 0.9980683117006608
  },
  "trend_regime_slope": {
    "p1": -0.10634862335578084,
    "p99": 0.12611991144789486
  },
  "adx_14": {
    "p1": 8.002062370480214,
    "p99": 76.19840823068517
  },
  "cmf_20": {
    "p1": -0.36444792526018777,
    "p99": 0.40452962476683096
  },
  "volume_sma_ratio": {
    "p1": 0.2042608401578587,
    "p99": 4.8209157815389885
  },
  "return_1": {
    "p1": -0.002276389531130205,
    "p99": 0.0026171699197815234
  },
  "return_2": {
    "p1": -0.0032678667067972222,
    "p99": 0.004259821279840507
  },
  "return_3": {
    "p1": -0.0042112730370530045,
    "p99": 0.005571445633291246
  },
  "return_5": {
    "p1": -0.004885308491815106,
    "p99": 0.0068270717782553825
  },
  "ma10_ratio": {
    "p1": -0.004013526704131413,
    "p99": 0.005253386212605789
  },
  "ma30_ratio": {
    "p1": -0.006922871118090477,
    "p99": 0.007450723919945547
  },
  "bb_zscore": {
    "p1": -2.6621548887912634,
    "p99": 2.957991939716145
  },
  "macd_hist_ratio": {
    "p1": -0.0029445578897161636,
    "p99": 0.0023871742492216105
  },
  "volume_ratio": {
    "p1": 0.2042608401578587,
    "p99": 4.8209157815389885
  },
  "fft_real": {
    "p1": -1723.9331155350883,
    "p99": 1438.161067428899
  },
  "fft_imag": {
    "p1": -2151.5541695500115,
    "p99": 2735.782208958982
  },
  "corr_btc_eth_20": {
    "p1": 0.9999999999998124,
    "p99": 0.9999999999999997
  },
  "corr_btc_sol_20": {
    "p1": 0.9999999999998124,
    "p99": 0.9999999999999997
  },
  "corr_btc_eth_100": {
    "p1": 0.0,
    "p99": 1.0000000000000042
  },
  "corr_btc_sol_100": {
    "p1": 0.0,
    "p99": 1.0000000000000042
  },
  "ratio_btc_eth_norm": {
    "p1": 0.0,
    "p99": 0.0
  },
  "ratio_btc_sol_norm": {
    "p1": 0.0,
    "p99": 0.0
  },
  "ratio_btc_bnb_norm": {
    "p1": 0.0,
    "p99": 0.0
  },
  "btc_funding_rate": {
    "p1": 0.0,
    "p99": 0.0
  },
  "funding_mom_1": {
    "p1": 0.0,
    "p99": 0.0
  },
  "funding_mom_3": {
    "p1": 0.0,
    "p99": 0.0
  },
  "funding_spread_eth": {
    "p1": 0.0,
    "p99": 0.0
  },
  "funding_spread_sol": {
    "p1": 0.0,
    "p99": 0.0
  },
  "funding_spread_bnb": {
    "p1": 0.0,
    "p99": 0.0
  }
}