{
  "rsi_14": {
    "p1": 18.043519458405445,
    "p99": 78.01751319724063
  },
  "macd_line": {
    "p1": -63.942615619697136,
    "p99": 70.82544551499981
  },
  "macd_signal": {
    "p1": -54.84552829880362,
    "p99": 60.04164618760743
  },
  "macd_hist": {
    "p1": -18.568864821521956,
    "p99": 43.71389102733886
  },
  "bb_pct_upper": {
    "p1": -0.32849769968263953,
    "p99": 4.502160363855222
  },
  "bb_pct_lower": {
    "p1": -0.4575067355881417,
    "p99": 7.797481452177093
  },
  "atr_pct_14": {
    "p1": 0.37196666495587016,
    "p99": 1.2672583725416793
  },
  "volatility_regime": {
    "p1": 0.21675213675213675,
    "p99": 1.0
  },
  "trend_regime_slope": {
    "p1": -0.3024991903936516,
    "p99": 0.2997919696392988
  },
  "adx_14": {
    "p1": 12.777511002778141,
    "p99": 77.20908210730649
  },
  "cmf_20": {
    "p1": -0.22692349137486625,
    "p99": 0.22561419091228557
  },
  "volume_sma_ratio": {
    "p1": 0.27923989537775235,
    "p99": 4.0251468516546955
  },
  "corr_btc_eth_20": {
    "p1": 0.0,
    "p99": 0.0
  },
  "corr_btc_sol_20": {
    "p1": 0.0,
    "p99": 0.0
  },
  "corr_btc_eth_100": {
    "p1": 0.0,
    "p99": 0.0
  },
  "corr_btc_sol_100": {
    "p1": 0.0,
    "p99": 0.0
  },
  "ratio_btc_eth_norm": {
    "p1": 0.0,
    "p99": 0.0
  },
  "ratio_btc_sol_norm": {
    "p1": 0.0,
    "p99": 0.0
  },
  "ratio_btc_bnb_norm": {
    "p1": 0.0,
    "p99": 0.0
  },
  "btc_funding_rate": {
    "p1": 0.0,
    "p99": 0.0
  },
  "funding_mom_1": {
    "p1": 0.0,
    "p99": 0.0
  },
  "funding_mom_3": {
    "p1": 0.0,
    "p99": 0.0
  },
  "funding_spread_eth": {
    "p1": 0.0,
    "p99": 0.0
  },
  "funding_spread_sol": {
    "p1": 0.0,
    "p99": 0.0
  },
  "funding_spread_bnb": {
    "p1": 0.0,
    "p99": 0.0
  }
}