{
  "rsi_14": {
    "p1": 14.206243471878683,
    "p99": 85.7776046290406
  },
  "macd_line": {
    "p1": -5.0758420744932895,
    "p99": 5.946871491023425
  },
  "macd_signal": {
    "p1": -4.751694935246143,
    "p99": 5.333359668100772
  },
  "macd_hist": {
    "p1": -1.8505798431274336,
    "p99": 1.9447911706352363
  },
  "bb_pct_upper": {
    "p1": -0.12854272844488765,
    "p99": 1.5591824244576216
  },
  "bb_pct_lower": {
    "p1": -0.08561964590626608,
    "p99": 1.670103453237537
  },
  "atr_pct_14": {
    "p1": 0.04554159213901161,
    "p99": 0.400829338729764
  },
  "volatility_regime": {
    "p1": 0.0037199782799381812,
    "p99": 0.9942642734979571
  },
  "trend_regime_slope": {
    "p1": -0.13611542338903662,
    "p99": 0.14536329213962298
  },
  "adx_14": {
    "p1": 8.945205180962276,
    "p99": 75.26661829177105
  },
  "cmf_20": {
    "p1": -0.27610135520713736,
    "p99": 0.35871463550245475
  },
  "volume_sma_ratio": {
    "p1": 0.21725438131086047,
    "p99": 5.425983865439982
  },
  "corr_btc_eth_20": {
    "p1": 0.9999999999999868,
    "p99": 1.0000000000000002
  },
  "corr_btc_sol_20": {
    "p1": 0.49512274294230163,
    "p99": 0.9589783078850775
  },
  "corr_btc_eth_100": {
    "p1": 0.0,
    "p99": 1.0000000000000004
  },
  "corr_btc_sol_100": {
    "p1": 0.0,
    "p99": 0.9354780572866545
  },
  "ratio_btc_eth_norm": {
    "p1": 0.0,
    "p99": 0.0
  },
  "ratio_btc_sol_norm": {
    "p1": -2.751271850536727,
    "p99": 2.816517314721334
  },
  "ratio_btc_bnb_norm": {
    "p1": -2.389160360497561,
    "p99": 3.1983872540956857
  },
  "btc_funding_rate": {
    "p1": 0.0,
    "p99": 0.0
  },
  "funding_mom_1": {
    "p1": 0.0,
    "p99": 0.0
  },
  "funding_mom_3": {
    "p1": 0.0,
    "p99": 0.0
  },
  "funding_spread_eth": {
    "p1": 0.0,
    "p99": 0.0
  },
  "funding_spread_sol": {
    "p1": 0.0,
    "p99": 0.0
  },
  "funding_spread_bnb": {
    "p1": 0.0,
    "p99": 0.0
  }
}