{
  "rsi_14": {
    "p1": 13.26404212536227,
    "p99": 83.48368037244526
  },
  "macd_line": {
    "p1": -5.060113531991829,
    "p99": 5.521290811204786
  },
  "macd_signal": {
    "p1": -4.731837147834978,
    "p99": 5.216535789412507
  },
  "macd_hist": {
    "p1": -1.8535731653775294,
    "p99": 1.9258260191212315
  },
  "bb_pct_upper": {
    "p1": -0.13114829310443216,
    "p99": 1.4484334580596734
  },
  "bb_pct_lower": {
    "p1": -0.09305768198260367,
    "p99": 1.6455777689147462
  },
  "atr_pct_14": {
    "p1": 0.04498972062049711,
    "p99": 0.401793656460849
  },
  "volatility_regime": {
    "p1": 0.0031330329153605014,
    "p99": 0.9908208298412882
  },
  "trend_regime_slope": {
    "p1": -0.13583610143823754,
    "p99": 0.14502238024312264
  },
  "adx_14": {
    "p1": 8.972091344557127,
    "p99": 72.0097398545446
  },
  "cmf_20": {
    "p1": -0.2848612280282975,
    "p99": 0.3611417569253507
  },
  "volume_sma_ratio": {
    "p1": 0.2175363588949177,
    "p99": 6.02173679175912
  },
  "return_1": {
    "p1": -0.002974531286000208,
    "p99": 0.0033126980518188706
  },
  "return_2": {
    "p1": -0.004452279319063557,
    "p99": 0.005345110715559237
  },
  "return_3": {
    "p1": -0.005195789332078388,
    "p99": 0.006489270048029191
  },
  "return_5": {
    "p1": -0.006530127388695181,
    "p99": 0.008366230121080604
  },
  "ma10_ratio": {
    "p1": -0.005180019570404619,
    "p99": 0.005904305510543432
  },
  "ma30_ratio": {
    "p1": -0.00840554429131122,
    "p99": 0.009330761760774419
  },
  "bb_zscore": {
    "p1": -2.6267738606421265,
    "p99": 2.8548262451532476
  },
  "macd_hist_ratio": {
    "p1": -0.0030720374208841102,
    "p99": 0.0027635731758096226
  },
  "volume_ratio": {
    "p1": 0.2175363588949177,
    "p99": 6.02173679175912
  },
  "fft_real": {
    "p1": -47.24798164561499,
    "p99": 57.00037558310523
  },
  "fft_imag": {
    "p1": -88.84756505682222,
    "p99": 84.44826110764414
  },
  "corr_btc_eth_20": {
    "p1": 0.9999999999999855,
    "p99": 1.0000000000000002
  },
  "corr_btc_sol_20": {
    "p1": 0.9999999999999855,
    "p99": 1.0000000000000002
  },
  "corr_btc_eth_100": {
    "p1": 0.0,
    "p99": 1.0000000000000004
  },
  "corr_btc_sol_100": {
    "p1": 0.0,
    "p99": 1.0000000000000004
  },
  "ratio_btc_eth_norm": {
    "p1": 0.0,
    "p99": 0.0
  },
  "ratio_btc_sol_norm": {
    "p1": 0.0,
    "p99": 0.0
  },
  "ratio_btc_bnb_norm": {
    "p1": 0.0,
    "p99": 0.0
  },
  "btc_funding_rate": {
    "p1": 0.0,
    "p99": 0.0
  },
  "funding_mom_1": {
    "p1": 0.0,
    "p99": 0.0
  },
  "funding_mom_3": {
    "p1": 0.0,
    "p99": 0.0
  },
  "funding_spread_eth": {
    "p1": 0.0,
    "p99": 0.0
  },
  "funding_spread_sol": {
    "p1": 0.0,
    "p99": 0.0
  },
  "funding_spread_bnb": {
    "p1": 0.0,
    "p99": 0.0
  }
}