{
  "rsi_14": {
    "p1": 26.46772404640627,
    "p99": 83.1667913547548
  },
  "macd_line": {
    "p1": -6.921119477304221,
    "p99": 8.227715834093653
  },
  "macd_signal": {
    "p1": -6.7207712102914,
    "p99": 7.0477937009618055
  },
  "macd_hist": {
    "p1": -2.5315990517136657,
    "p99": 2.8810685253721933
  },
  "bb_pct_upper": {
    "p1": -0.2518459083527991,
    "p99": 1.916227646644991
  },
  "bb_pct_lower": {
    "p1": -0.14041990933785237,
    "p99": 2.4940868819852664
  },
  "atr_pct_14": {
    "p1": 0.11128958560773286,
    "p99": 0.6478454090174418
  },
  "volatility_regime": {
    "p1": 0.008136078901772625,
    "p99": 1.0
  },
  "trend_regime_slope": {
    "p1": -0.16413263533289538,
    "p99": 0.2533362126286211
  },
  "adx_14": {
    "p1": 9.785800584773876,
    "p99": 77.69193296844229
  },
  "cmf_20": {
    "p1": -0.2577374839064517,
    "p99": 0.268301552467531
  },
  "volume_sma_ratio": {
    "p1": 0.22363182023858957,
    "p99": 5.546658160469907
  },
  "return_1": {
    "p1": -0.0050440856860596165,
    "p99": 0.006031800111248785
  },
  "return_2": {
    "p1": -0.007093575375793653,
    "p99": 0.009143765732181182
  },
  "return_3": {
    "p1": -0.008377333230741387,
    "p99": 0.009833346302560372
  },
  "return_5": {
    "p1": -0.010914207243225598,
    "p99": 0.012431594274246156
  },
  "ma10_ratio": {
    "p1": -0.007508910856920013,
    "p99": 0.009136554004744448
  },
  "ma30_ratio": {
    "p1": -0.009650697213709335,
    "p99": 0.013195475967067586
  },
  "bb_zscore": {
    "p1": -2.905315894405265,
    "p99": 2.8122446076246495
  },
  "macd_hist_ratio": {
    "p1": -0.003464387865875995,
    "p99": 0.0038143247093155273
  },
  "volume_ratio": {
    "p1": 0.22363182023858957,
    "p99": 5.546658160469907
  },
  "fft_real": {
    "p1": -97.55409796095991,
    "p99": 82.94057608503932
  },
  "fft_imag": {
    "p1": -101.98042533305464,
    "p99": 120.34265900987886
  },
  "corr_btc_eth_20": {
    "p1": 0.9999999999999993,
    "p99": 1.000000000000003
  },
  "corr_btc_sol_20": {
    "p1": 0.9999999999999993,
    "p99": 1.000000000000003
  },
  "corr_btc_eth_100": {
    "p1": 0.0,
    "p99": 1.0000000000000027
  },
  "corr_btc_sol_100": {
    "p1": 0.0,
    "p99": 1.0000000000000027
  },
  "ratio_btc_eth_norm": {
    "p1": 0.0,
    "p99": 0.0
  },
  "ratio_btc_sol_norm": {
    "p1": 0.0,
    "p99": 0.0
  },
  "ratio_btc_bnb_norm": {
    "p1": 0.0,
    "p99": 0.0
  },
  "btc_funding_rate": {
    "p1": 0.0,
    "p99": 0.0
  },
  "funding_mom_1": {
    "p1": 0.0,
    "p99": 0.0
  },
  "funding_mom_3": {
    "p1": 0.0,
    "p99": 0.0
  },
  "funding_spread_eth": {
    "p1": 0.0,
    "p99": 0.0
  },
  "funding_spread_sol": {
    "p1": 0.0,
    "p99": 0.0
  },
  "funding_spread_bnb": {
    "p1": 0.0,
    "p99": 0.0
  }
}