{
  "rsi_14": {
    "p1": 37.56227422915956,
    "p99": 77.97815124681209
  },
  "macd_line": {
    "p1": -0.5480717072276662,
    "p99": 15.664856466969795
  },
  "macd_signal": {
    "p1": -1.97923874999624,
    "p99": 14.534654805919821
  },
  "macd_hist": {
    "p1": -3.632554359163178,
    "p99": 3.8443798874980013
  },
  "bb_pct_upper": {
    "p1": -0.3731028682506937,
    "p99": 1.467060388759069
  },
  "bb_pct_lower": {
    "p1": -0.12601403783642665,
    "p99": 3.69956509335376
  },
  "atr_pct_14": {
    "p1": 0.29212064725861603,
    "p99": 0.9906764364710792
  },
  "volatility_regime": {
    "p1": 0.04531620553359684,
    "p99": 1.0
  },
  "trend_regime_slope": {
    "p1": -0.0907644909100081,
    "p99": 0.33991231062335664
  },
  "adx_14": {
    "p1": 7.944241857577144,
    "p99": 37.365134760017185
  },
  "cmf_20": {
    "p1": -0.08485233540378201,
    "p99": 0.23499987491180513
  },
  "volume_sma_ratio": {
    "p1": 0.21716932210358797,
    "p99": 3.6700686572869183
  },
  "return_1": {
    "p1": -0.009051125006486254,
    "p99": 0.01345363981039221
  },
  "return_2": {
    "p1": -0.013203683976840309,
    "p99": 0.017012315932355082
  },
  "return_3": {
    "p1": -0.01341964061042813,
    "p99": 0.019951095947445822
  },
  "return_5": {
    "p1": -0.010364240144082411,
    "p99": 0.02011474409615311
  },
  "ma10_ratio": {
    "p1": -0.007801147093624295,
    "p99": 0.014901117588626774
  },
  "ma30_ratio": {
    "p1": -0.007340608542711672,
    "p99": 0.023605649999245977
  },
  "bb_zscore": {
    "p1": -2.389059034321754,
    "p99": 2.9154669845584977
  },
  "macd_hist_ratio": {
    "p1": -0.008005452827205484,
    "p99": 0.0019047524663549469
  },
  "volume_ratio": {
    "p1": 0.21716932210358797,
    "p99": 3.6700686572869183
  },
  "fft_real": {
    "p1": -124.26580136602585,
    "p99": 91.27803637882185
  },
  "fft_imag": {
    "p1": -65.96515794428558,
    "p99": 267.559874688597
  },
  "corr_btc_eth_20": {
    "p1": 0.9999999999999988,
    "p99": 1.0000000000000029
  },
  "corr_btc_sol_20": {
    "p1": 0.5214675886563722,
    "p99": 0.9321067587403148
  },
  "corr_btc_eth_100": {
    "p1": 0.0,
    "p99": 1.0000000000000002
  },
  "corr_btc_sol_100": {
    "p1": 0.0,
    "p99": 0.9030003105472986
  },
  "ratio_btc_eth_norm": {
    "p1": 0.0,
    "p99": 0.0
  },
  "ratio_btc_sol_norm": {
    "p1": 0.0,
    "p99": 2.9435714751486426
  },
  "ratio_btc_bnb_norm": {
    "p1": 0.0,
    "p99": 2.497672518138954
  },
  "btc_funding_rate": {
    "p1": 1.894e-05,
    "p99": 8.926e-05
  },
  "funding_mom_1": {
    "p1": -3.9910999999999956e-06,
    "p99": 2.1384399999999893e-05
  },
  "funding_mom_3": {
    "p1": -1.5319799999999995e-05,
    "p99": 3.526e-05
  },
  "funding_spread_eth": {
    "p1": -2.2130000000000007e-05,
    "p99": 4.7999999999999994e-05
  },
  "funding_spread_sol": {
    "p1": -4.600000000000001e-05,
    "p99": 0.00010357
  },
  "funding_spread_bnb": {
    "p1": -0.00011359,
    "p99": 5.278e-05
  }
}