{
  "rsi_14": {
    "p1": 38.056582931522485,
    "p99": 77.97470879492892
  },
  "macd_line": {
    "p1": -4.151695766596199,
    "p99": 15.632305338775444
  },
  "macd_signal": {
    "p1": -6.518218521370249,
    "p99": 14.526583625238537
  },
  "macd_hist": {
    "p1": -3.6507644419028495,
    "p99": 3.820087931218649
  },
  "bb_pct_upper": {
    "p1": -0.3641941006986958,
    "p99": 1.7782866950516418
  },
  "bb_pct_lower": {
    "p1": -0.11389465594203595,
    "p99": 3.7755336409325215
  },
  "atr_pct_14": {
    "p1": 0.2929157731492675,
    "p99": 0.9887550728015896
  },
  "volatility_regime": {
    "p1": 0.04551948051948052,
    "p99": 1.0
  },
  "trend_regime_slope": {
    "p1": -0.14026050163433754,
    "p99": 0.3397563976418013
  },
  "adx_14": {
    "p1": 7.956471267915807,
    "p99": 43.686173568772006
  },
  "cmf_20": {
    "p1": -0.08312504936969696,
    "p99": 0.247010200830105
  },
  "volume_sma_ratio": {
    "p1": 0.19442365773889544,
    "p99": 3.628886532871462
  },
  "corr_btc_eth_20": {
    "p1": 0.9999999999999988,
    "p99": 1.0000000000000029
  },
  "corr_btc_sol_20": {
    "p1": 0.5247049833060026,
    "p99": 0.9568510973032746
  },
  "corr_btc_eth_100": {
    "p1": 0.0,
    "p99": 1.0000000000000002
  },
  "corr_btc_sol_100": {
    "p1": 0.0,
    "p99": 0.9048605829472408
  },
  "ratio_btc_eth_norm": {
    "p1": 0.0,
    "p99": 0.0
  },
  "ratio_btc_sol_norm": {
    "p1": 0.0,
    "p99": 2.924986381882795
  },
  "ratio_btc_bnb_norm": {
    "p1": 0.0,
    "p99": 2.4959852963393385
  },
  "btc_funding_rate": {
    "p1": 1.894e-05,
    "p99": 8.926e-05
  },
  "funding_mom_1": {
    "p1": -1.0948099999999998e-05,
    "p99": 2.0101799999999988e-05
  },
  "funding_mom_3": {
    "p1": -7.031999999999999e-05,
    "p99": 3.526e-05
  },
  "funding_spread_eth": {
    "p1": -2.2130000000000007e-05,
    "p99": 4.7999999999999994e-05
  },
  "funding_spread_sol": {
    "p1": -4.600000000000001e-05,
    "p99": 0.00010357
  },
  "funding_spread_bnb": {
    "p1": -0.00011359,
    "p99": 5.278e-05
  }
}