{
  "rsi_14": {
    "p1": 22.698198211183087,
    "p99": 81.89690072034229
  },
  "macd_line": {
    "p1": -205.27046297329122,
    "p99": 277.5891073636204
  },
  "macd_signal": {
    "p1": -196.07029471514937,
    "p99": 235.1280596896113
  },
  "macd_hist": {
    "p1": -75.3627841535222,
    "p99": 90.33807217484713
  },
  "bb_pct_upper": {
    "p1": -0.1444140958756075,
    "p99": 1.6110068752869298
  },
  "bb_pct_lower": {
    "p1": -0.09078531826347594,
    "p99": 2.316781398955769
  },
  "atr_pct_14": {
    "p1": 0.047493192196635566,
    "p99": 0.48000300661150525
  },
  "volatility_regime": {
    "p1": 0.007960829493087558,
    "p99": 1.0
  },
  "trend_regime_slope": {
    "p1": -0.12813497236619015,
    "p99": 0.21238046860468734
  },
  "adx_14": {
    "p1": 8.358827259711127,
    "p99": 80.37845111658201
  },
  "cmf_20": {
    "p1": -0.3053097038479541,
    "p99": 0.34349163347722017
  },
  "volume_sma_ratio": {
    "p1": 0.21902249469613602,
    "p99": 4.235272052100508
  },
  "return_1": {
    "p1": -0.004555537246137946,
    "p99": 0.0055558110845766225
  },
  "return_2": {
    "p1": -0.005548104072644103,
    "p99": 0.008481163867055433
  },
  "return_3": {
    "p1": -0.006088526221584943,
    "p99": 0.009256094645924359
  },
  "return_5": {
    "p1": -0.007897327334159068,
    "p99": 0.009855191932949923
  },
  "ma10_ratio": {
    "p1": -0.006097227144825183,
    "p99": 0.007731855998529972
  },
  "ma30_ratio": {
    "p1": -0.008519892600409026,
    "p99": 0.012512274085776567
  },
  "bb_zscore": {
    "p1": -2.628680577183768,
    "p99": 2.8264075206019994
  },
  "macd_hist_ratio": {
    "p1": -0.0036285857441084503,
    "p99": 0.0032651800827878425
  },
  "volume_ratio": {
    "p1": 0.21902249469613602,
    "p99": 4.235272052100508
  },
  "fft_real": {
    "p1": -2561.719163260186,
    "p99": 2407.62187216074
  },
  "fft_imag": {
    "p1": -3106.3277848943767,
    "p99": 4991.135639835602
  },
  "corr_btc_eth_20": {
    "p1": 0.9999999999999795,
    "p99": 0.9999999999999999
  },
  "corr_btc_sol_20": {
    "p1": 0.9999999999999795,
    "p99": 0.9999999999999999
  },
  "corr_btc_eth_100": {
    "p1": 0.0,
    "p99": 1.0000000000000029
  },
  "corr_btc_sol_100": {
    "p1": 0.0,
    "p99": 1.0000000000000029
  },
  "ratio_btc_eth_norm": {
    "p1": 0.0,
    "p99": 0.0
  },
  "ratio_btc_sol_norm": {
    "p1": 0.0,
    "p99": 0.0
  },
  "ratio_btc_bnb_norm": {
    "p1": 0.0,
    "p99": 0.0
  },
  "btc_funding_rate": {
    "p1": 0.0,
    "p99": 0.0
  },
  "funding_mom_1": {
    "p1": 0.0,
    "p99": 0.0
  },
  "funding_mom_3": {
    "p1": 0.0,
    "p99": 0.0
  },
  "funding_spread_eth": {
    "p1": 0.0,
    "p99": 0.0
  },
  "funding_spread_sol": {
    "p1": 0.0,
    "p99": 0.0
  },
  "funding_spread_bnb": {
    "p1": 0.0,
    "p99": 0.0
  }
}