{
  "rsi_14": {
    "p1": 25.66382892511457,
    "p99": 82.42419358998279
  },
  "macd_line": {
    "p1": -7.2398677314768705,
    "p99": 8.20050832670186
  },
  "macd_signal": {
    "p1": -6.636098880028411,
    "p99": 7.556920817469824
  },
  "macd_hist": {
    "p1": -2.53984546717917,
    "p99": 2.908275129614048
  },
  "bb_pct_upper": {
    "p1": -0.21068072211150107,
    "p99": 2.0091401515930616
  },
  "bb_pct_lower": {
    "p1": -0.15187390887907606,
    "p99": 2.473388326146952
  },
  "atr_pct_14": {
    "p1": 0.11193865007438128,
    "p99": 0.6362509436387701
  },
  "volatility_regime": {
    "p1": 0.008187391709982674,
    "p99": 1.0
  },
  "trend_regime_slope": {
    "p1": -0.16141984518363903,
    "p99": 0.2531363217640147
  },
  "adx_14": {
    "p1": 9.882098961808051,
    "p99": 77.97579532036545
  },
  "cmf_20": {
    "p1": -0.25575945790965604,
    "p99": 0.258004537545322
  },
  "volume_sma_ratio": {
    "p1": 0.2218194137744308,
    "p99": 5.293148708279014
  },
  "corr_btc_eth_20": {
    "p1": -0.18984542731279216,
    "p99": 0.7485117991416556
  },
  "corr_btc_sol_20": {
    "p1": -0.5217668663593161,
    "p99": 0.7274755583949917
  },
  "corr_btc_eth_100": {
    "p1": 0.0,
    "p99": 0.6241425451447542
  },
  "corr_btc_sol_100": {
    "p1": -0.020944934280260903,
    "p99": 0.5260265713609665
  },
  "ratio_btc_eth_norm": {
    "p1": -2.347783082024129,
    "p99": 2.8010910534339635
  },
  "ratio_btc_sol_norm": {
    "p1": -2.9572997106677636,
    "p99": 2.4907609726103823
  },
  "ratio_btc_bnb_norm": {
    "p1": -1.8398554528959352,
    "p99": 3.030748014553785
  },
  "btc_funding_rate": {
    "p1": 0.0,
    "p99": 0.0
  },
  "funding_mom_1": {
    "p1": 0.0,
    "p99": 0.0
  },
  "funding_mom_3": {
    "p1": 0.0,
    "p99": 0.0
  },
  "funding_spread_eth": {
    "p1": 0.0,
    "p99": 0.0
  },
  "funding_spread_sol": {
    "p1": 0.0,
    "p99": 0.0
  },
  "funding_spread_bnb": {
    "p1": 0.0,
    "p99": 0.0
  }
}