{
  "pipeline": "v2_triple_barrier_meta_labeling",
  "parameters": {
    "tp_pct": 2.5,
    "sl_pct": 1.5,
    "max_holding": 30,
    "timeframe": 15,
    "model_type": "lightgbm",
    "rounds": 150
  },
  "primary_metrics": {
    "train": {
      "accuracy": 0.7578235975094647,
      "precision": 0.7061447295125302,
      "recall": 0.7730502137236567,
      "f1": 0.728215554050227
    },
    "val": {
      "accuracy": 0.6753883892068684,
      "precision": 0.44631586433575693,
      "recall": 0.427048608468839,
      "f1": 0.432491467959794
    },
    "test": {
      "accuracy": 0.701941889326909,
      "precision": 0.4091465794779141,
      "recall": 0.38842077997092533,
      "f1": 0.38579709894149267
    },
    "overfitting_warning": true,
    "backtest_pnl": -294.259999999985,
    "equity_curve": [
      -193.75999999998498,
      -193.75999999998498,
      -193.75999999998498,
      -193.75999999998498,
      -193.75999999998498,
      -193.75999999998498,
      -193.75999999998498,
      -193.75999999998498,
      -193.75999999998498,
      -193.75999999998498,
      -193.75999999998498,
      -193.75999999998498,
      -193.75999999998498,
      -193.75999999998498,
      -193.75999999998498,
      -193.75999999998498,
      -193.75999999998498,
      -193.75999999998498,
      -193.75999999998498,
      -193.979999999985,
      -193.979999999985,
      -193.979999999985,
      -193.979999999985,
      -193.979999999985,
      -193.979999999985,
      -193.979999999985,
      -193.979999999985,
      -193.979999999985,
      -193.979999999985,
      -193.979999999985,
      -194.049999999985,
      -194.119999999985,
      -194.119999999985,
      -194.189999999985,
      -194.25999999998498,
      -194.25999999998498,
      -194.25999999998498,
      -194.25999999998498,
      -194.25999999998498,
      -194.25999999998498,
      -194.25999999998498,
      -194.25999999998498,
      -194.25999999998498,
      -194.25999999998498,
      -194.25999999998498,
      -194.25999999998498,
      -194.25999999998498,
      -194.25999999998498,
      -194.25999999998498,
      -194.25999999998498,
      -194.25999999998498,
      -194.25999999998498,
      -194.25999999998498,
      -194.25999999998498,
      -194.25999999998498,
      -194.25999999998498,
      -194.25999999998498,
      -194.25999999998498,
      -194.25999999998498,
      -194.25999999998498,
      -194.25999999998498,
      -194.25999999998498,
      -194.25999999998498,
      -194.25999999998498,
      -194.25999999998498,
      -194.25999999998498,
      -194.25999999998498,
      -194.25999999998498,
      -194.25999999998498,
      -194.25999999998498,
      -194.25999999998498,
      -194.25999999998498,
      -194.25999999998498,
      -194.25999999998498,
      -194.25999999998498,
      -194.25999999998498,
      -194.25999999998498,
      -194.25999999998498,
      -194.25999999998498,
      -194.25999999998498,
      -194.25999999998498,
      -194.25999999998498,
      -194.25999999998498,
      -194.25999999998498,
      -194.25999999998498,
      -194.25999999998498,
      -194.25999999998498,
      -194.25999999998498,
      -194.25999999998498,
      -194.25999999998498,
      -194.25999999998498,
      -194.25999999998498,
      -194.25999999998498,
      -194.25999999998498,
      -194.25999999998498,
      -194.25999999998498,
      -194.25999999998498,
      -194.25999999998498,
      -194.25999999998498,
      -194.25999999998498
    ]
  },
  "meta_metrics": {
    "meta_train_directional_trades": 79595,
    "meta_train_win_rate": 0.23516552547270558,
    "meta_val_directional_trades": 7386,
    "meta_test_accuracy": 0.8853738701725554,
    "meta_test_precision": 0.0,
    "meta_test_recall": 0.0,
    "meta_filtered_trades": 0,
    "meta_filtered_win_rate": 0.0,
    "meta_best_iteration": 1
  },
  "elapsed_seconds": 16.070324659347534
}