{
  "pipeline": "v2_triple_barrier_meta_labeling",
  "parameters": {
    "tp_pct": 2.5,
    "sl_pct": 1.5,
    "max_holding": 30,
    "timeframe": 5,
    "model_type": "lightgbm",
    "rounds": 150
  },
  "primary_metrics": {
    "train": {
      "accuracy": 0.7399355558568047,
      "precision": 0.5484888875341398,
      "recall": 0.7719582059123419,
      "f1": 0.594849266076149
    },
    "val": {
      "accuracy": 0.8188462923491684,
      "precision": 0.4210345931547008,
      "recall": 0.4714704621281995,
      "f1": 0.4365405020275153
    },
    "test": {
      "accuracy": 0.8677236318335328,
      "precision": 0.4054572550741133,
      "recall": 0.43129754583901087,
      "f1": 0.41425885426738557
    },
    "overfitting_warning": true,
    "backtest_pnl": -572.9000000000041,
    "equity_curve": [
      -472.4100000000037,
      -472.4100000000037,
      -472.4100000000037,
      -472.4100000000037,
      -472.4100000000037,
      -472.4100000000037,
      -472.4100000000037,
      -472.4100000000037,
      -472.4100000000037,
      -472.4100000000037,
      -472.4100000000037,
      -472.4100000000037,
      -472.4100000000037,
      -472.4100000000037,
      -472.4100000000037,
      -472.4100000000037,
      -472.4100000000037,
      -472.4100000000037,
      -472.4100000000037,
      -472.4100000000037,
      -472.4100000000037,
      -472.4100000000037,
      -472.4100000000037,
      -472.4100000000037,
      -472.4100000000037,
      -472.4100000000037,
      -472.4100000000037,
      -472.4100000000037,
      -472.4100000000037,
      -472.4100000000037,
      -472.4100000000037,
      -472.4100000000037,
      -472.4100000000037,
      -472.4100000000037,
      -472.4100000000037,
      -472.4100000000037,
      -472.4100000000037,
      -472.4100000000037,
      -472.4100000000037,
      -472.4100000000037,
      -472.4100000000037,
      -472.4100000000037,
      -472.4100000000037,
      -472.4100000000037,
      -472.48000000000377,
      -472.48000000000377,
      -472.5500000000038,
      -472.5500000000038,
      -472.5500000000038,
      -472.5500000000038,
      -472.5500000000038,
      -472.62000000000387,
      -472.6900000000039,
      -472.76000000000397,
      -472.830000000004,
      -472.830000000004,
      -472.90000000000407,
      -472.90000000000407,
      -472.90000000000407,
      -472.90000000000407,
      -472.90000000000407,
      -472.90000000000407,
      -472.90000000000407,
      -472.90000000000407,
      -472.90000000000407,
      -472.90000000000407,
      -472.90000000000407,
      -472.90000000000407,
      -472.90000000000407,
      -472.90000000000407,
      -472.90000000000407,
      -472.90000000000407,
      -472.90000000000407,
      -472.90000000000407,
      -472.90000000000407,
      -472.90000000000407,
      -472.90000000000407,
      -472.90000000000407,
      -472.90000000000407,
      -472.90000000000407,
      -472.90000000000407,
      -472.90000000000407,
      -472.90000000000407,
      -472.90000000000407,
      -472.90000000000407,
      -472.90000000000407,
      -472.90000000000407,
      -472.90000000000407,
      -472.90000000000407,
      -472.90000000000407,
      -472.90000000000407,
      -472.90000000000407,
      -472.90000000000407,
      -472.90000000000407,
      -472.90000000000407,
      -472.90000000000407,
      -472.90000000000407,
      -472.90000000000407,
      -472.90000000000407,
      -472.90000000000407
    ]
  },
  "meta_metrics": {
    "meta_train_directional_trades": 173166,
    "meta_train_win_rate": 0.10910340367046649,
    "meta_val_directional_trades": 16696,
    "meta_test_accuracy": 0.9542457542457542,
    "meta_test_precision": 0.0,
    "meta_test_recall": 0.0,
    "meta_filtered_trades": 0,
    "meta_filtered_win_rate": 0.0,
    "meta_best_iteration": 1
  },
  "elapsed_seconds": 41.46651482582092
}