{
  "xgboost": {
    "reports": {
      "train": {
        "-1": {
          "precision": 0.3172637582449308,
          "recall": 0.41204862147333626,
          "f1-score": 0.35849684679361604,
          "support": 522732.0
        },
        "0": {
          "precision": 0.7466888065167195,
          "recall": 0.5989770008319436,
          "f1-score": 0.6647258471453238,
          "support": 1337831.0
        },
        "1": {
          "precision": 0.33742685800421696,
          "recall": 0.4055917230283348,
          "f1-score": 0.3683825525433848,
          "support": 537008.0
        },
        "accuracy": 0.5149073791766751,
        "macro avg": {
          "precision": 0.46712647425528914,
          "recall": 0.47220578177787154,
          "f1-score": 0.4638684154941082,
          "support": 2397571.0
        },
        "weighted avg": {
          "precision": 0.5613966275656017,
          "recall": 0.5149073791766751,
          "f1-score": 0.531585090204467,
          "support": 2397571.0
        }
      },
      "val": {
        "-1": {
          "precision": 0.28948079047502145,
          "recall": 0.3547035113401648,
          "f1-score": 0.31879029823510063,
          "support": 99734.0
        },
        "0": {
          "precision": 0.7362886111766093,
          "recall": 0.7025423456433002,
          "f1-score": 0.7190197368421053,
          "support": 311130.0
        },
        "1": {
          "precision": 0.3177737881508079,
          "recall": 0.29241698331405913,
          "f1-score": 0.30456852791878175,
          "support": 102901.0
        },
        "accuracy": 0.5528753418391678,
        "macro avg": {
          "precision": 0.4478477299341462,
          "recall": 0.44988761343250805,
          "f1-score": 0.44745952099866254,
          "support": 513765.0
        },
        "weighted avg": {
          "precision": 0.5657290654815343,
          "recall": 0.5528753418391678,
          "f1-score": 0.5583160558216973,
          "support": 513765.0
        }
      },
      "test": {
        "-1": {
          "precision": 0.275670327495795,
          "recall": 0.3087920735018675,
          "f1-score": 0.29129268840924416,
          "support": 90229.0
        },
        "0": {
          "precision": 0.7618725110394712,
          "recall": 0.7535458247987424,
          "f1-score": 0.7576862918253867,
          "support": 335888.0
        },
        "1": {
          "precision": 0.29766771455907753,
          "recall": 0.2733174365936862,
          "f1-score": 0.28497335363532544,
          "support": 87649.0
        },
        "accuracy": 0.593509496541227,
        "macro avg": {
          "precision": 0.4450701843647813,
          "recall": 0.44521844496476537,
          "f1-score": 0.44465077795665203,
          "support": 513766.0
        },
        "weighted avg": {
          "precision": 0.5972905359269252,
          "recall": 0.593509496541227,
          "f1-score": 0.5951316565204896,
          "support": 513766.0
        }
      }
    },
    "confusion_matrix": [
      [
        27862,
        40854,
        21513
      ],
      [
        47771,
        253107,
        35010
      ],
      [
        25437,
        38256,
        23956
      ]
    ],
    "backtest_pnl": -11978.229999983056,
    "equity_curve": [
      -11871.899999983083,
      -11871.819999983083,
      -11871.889999983083,
      -11871.959999983083,
      -11872.179999983082,
      -11872.249999983082,
      -11872.169999983082,
      -11872.089999983082,
      -11872.009999983082,
      -11871.929999983082,
      -11871.849999983082,
      -11871.769999983082,
      -11871.689999983082,
      -11871.609999983082,
      -11871.529999983082,
      -11871.449999983082,
      -11871.369999983082,
      -11871.289999983082,
      -11871.509999983082,
      -11871.579999983082,
      -11871.499999983082,
      -11871.569999983081,
      -11871.639999983081,
      -11871.70999998308,
      -11871.92999998308,
      -11872.14999998308,
      -11872.369999983079,
      -11872.439999983078,
      -11872.509999983078,
      -11872.579999983078,
      -11872.649999983078,
      -11872.719999983077,
      -11872.639999983077,
      -11872.709999983077,
      -11872.779999983077,
      -11872.699999983077,
      -11872.769999983077,
      -11872.839999983076,
      -11872.909999983076,
      -11872.829999983076,
      -11872.749999983076,
      -11872.669999983076,
      -11872.589999983076,
      -11872.509999983076,
      -11872.429999983076,
      -11872.349999983076,
      -11872.269999983077,
      -11872.189999983077,
      -11872.259999983076,
      -11872.479999983076,
      -11872.399999983076,
      -11872.619999983075,
      -11872.839999983074,
      -11872.759999983075,
      -11872.979999983074,
      -11873.199999983073,
      -11873.269999983073,
      -11873.339999983073,
      -11873.409999983072,
      -11873.479999983072,
      -11873.549999983072,
      -11873.619999983071,
      -11873.689999983071,
      -11873.75999998307,
      -11873.679999983071,
      -11873.74999998307,
      -11873.81999998307,
      -11873.88999998307,
      -11873.95999998307,
      -11873.87999998307,
      -11873.94999998307,
      -11874.01999998307,
      -11874.239999983069,
      -11874.159999983069,
      -11874.079999983069,
      -11874.299999983068,
      -11874.519999983067,
      -11874.739999983067,
      -11874.959999983066,
      -11875.179999983065,
      -11875.399999983065,
      -11875.619999983064,
      -11875.839999983064,
      -11876.059999983063,
      -11876.279999983062,
      -11876.499999983062,
      -11876.719999983061,
      -11876.93999998306,
      -11877.15999998306,
      -11877.379999983059,
      -11877.449999983059,
      -11877.669999983058,
      -11877.739999983058,
      -11877.809999983057,
      -11877.879999983057,
      -11877.949999983057,
      -11878.019999983057,
      -11878.089999983056,
      -11878.159999983056,
      -11878.229999983056
    ],
    "feature_importance": {
      "atr_pct_14": 676.6497192382812,
      "bb_pct_lower": 120.02825164794922,
      "bb_pct_upper": 115.05916595458984,
      "rsi_14": 35.188846588134766,
      "macd_line": 30.41851234436035,
      "macd_hist": 29.6444149017334,
      "volume_sma_ratio": 15.828157424926758,
      "macd_signal": 14.57042407989502,
      "cmf_20": 10.179725646972656
    },
    "overfitting_warning": false
  },
  "lightgbm": {
    "reports": {
      "train": {
        "-1": {
          "precision": 0.31459217490820657,
          "recall": 0.40386660851067085,
          "f1-score": 0.3536828491109093,
          "support": 522732.0
        },
        "0": {
          "precision": 0.7457388335682918,
          "recall": 0.5982489567067888,
          "f1-score": 0.6639010895577482,
          "support": 1337831.0
        },
        "1": {
          "precision": 0.33372929614548574,
          "recall": 0.4059753299764622,
          "f1-score": 0.36632422278007976,
          "support": 537008.0
        },
        "accuracy": 0.5128031662044628,
        "macro avg": {
          "precision": 0.46468676820732807,
          "recall": 0.46936363173130724,
          "f1-score": 0.4613027204829125,
          "support": 2397571.0
        },
        "weighted avg": {
          "precision": 0.5594558943572946,
          "recall": 0.5128031662044628,
          "f1-score": 0.529614280391388,
          "support": 2397571.0
        }
      },
      "val": {
        "-1": {
          "precision": 0.29462873793997973,
          "recall": 0.33252451521045984,
          "f1-score": 0.31243169913705393,
          "support": 99734.0
        },
        "0": {
          "precision": 0.7335355812875722,
          "recall": 0.7173078777359946,
          "f1-score": 0.7253309759708276,
          "support": 311130.0
        },
        "1": {
          "precision": 0.31783489417880273,
          "recall": 0.29947230833519595,
          "f1-score": 0.30838049205181706,