{
  "pipeline": "v2_triple_barrier_meta_labeling",
  "parameters": {
    "tp_pct": 2.5,
    "sl_pct": 1.5,
    "max_holding": 30,
    "timeframe": 60,
    "model_type": "lightgbm",
    "rounds": 150
  },
  "primary_metrics": {
    "train": {
      "accuracy": 0.6055854727614277,
      "precision": 0.5993831682500218,
      "recall": 0.645955430523117,
      "f1": 0.602125702079599
    },
    "val": {
      "accuracy": 0.3643057503506311,
      "precision": 0.386906595279313,
      "recall": 0.39937934507162315,
      "f1": 0.3563893279315849
    },
    "test": {
      "accuracy": 0.39831697054698456,
      "precision": 0.41757637185177665,
      "recall": 0.40670418266793185,
      "f1": 0.35217183972406646
    },
    "overfitting_warning": true,
    "backtest_pnl": -181.00999999999425,
    "equity_curve": [
      -79.89999999999438,
      -79.89999999999438,
      -79.89999999999438,
      -79.89999999999438,
      -79.89999999999438,
      -79.89999999999438,
      -79.89999999999438,
      -79.89999999999438,
      -79.96999999999437,
      -79.96999999999437,
      -79.96999999999437,
      -79.96999999999437,
      -79.96999999999437,
      -79.96999999999437,
      -79.96999999999437,
      -79.96999999999437,
      -79.96999999999437,
      -79.96999999999437,
      -79.96999999999437,
      -79.96999999999437,
      -79.96999999999437,
      -79.96999999999437,
      -79.96999999999437,
      -79.96999999999437,
      -79.96999999999437,
      -79.96999999999437,
      -79.96999999999437,
      -79.96999999999437,
      -79.96999999999437,
      -79.96999999999437,
      -79.96999999999437,
      -79.96999999999437,
      -79.96999999999437,
      -79.96999999999437,
      -79.96999999999437,
      -79.96999999999437,
      -79.96999999999437,
      -79.96999999999437,
      -79.96999999999437,
      -79.96999999999437,
      -79.96999999999437,
      -79.96999999999437,
      -80.03999999999436,
      -80.10999999999436,
      -80.17999999999435,
      -80.24999999999434,
      -80.31999999999434,
      -80.38999999999433,
      -80.38999999999433,
      -80.38999999999433,
      -80.38999999999433,
      -80.38999999999433,
      -80.38999999999433,
      -80.38999999999433,
      -80.38999999999433,
      -80.38999999999433,
      -80.38999999999433,
      -80.38999999999433,
      -80.38999999999433,
      -80.38999999999433,
      -80.38999999999433,
      -80.38999999999433,
      -80.38999999999433,
      -80.38999999999433,
      -80.30999999999432,
      -80.2299999999943,
      -80.1499999999943,
      -80.1499999999943,
      -80.06999999999428,
      -80.06999999999428,
      -80.06999999999428,
      -80.06999999999428,
      -80.06999999999428,
      -80.06999999999428,
      -79.98999999999427,
      -79.98999999999427,
      -79.98999999999427,
      -79.98999999999427,
      -79.98999999999427,
      -79.98999999999427,
      -79.98999999999427,
      -79.98999999999427,
      -79.98999999999427,
      -79.98999999999427,
      -79.98999999999427,
      -79.98999999999427,
      -79.98999999999427,
      -80.20999999999427,
      -80.20999999999427,
      -80.20999999999427,
      -80.42999999999427,
      -80.64999999999426,
      -80.64999999999426,
      -80.64999999999426,
      -80.64999999999426,
      -80.56999999999425,
      -80.78999999999425,
      -80.78999999999425,
      -80.78999999999425,
      -81.00999999999425
    ]
  },
  "meta_metrics": {
    "meta_train_directional_trades": 27173,
    "meta_train_win_rate": 0.358039230118132,
    "meta_val_directional_trades": 3914,
    "meta_test_accuracy": 0.7684060042887777,
    "meta_test_precision": 0.0,
    "meta_test_recall": 0.0,
    "meta_filtered_trades": 0,
    "meta_filtered_win_rate": 0.0,
    "meta_best_iteration": 1
  },
  "elapsed_seconds": 9.488796710968018
}