{
  "xgboost": {
    "reports": {
      "train": {
        "-1": {
          "precision": 0.4771466647457139,
          "recall": 0.42582086433840666,
          "f1-score": 0.4500250532913231,
          "support": 62221.0
        },
        "0": {
          "precision": 0.32649334328240975,
          "recall": 0.5328995865517131,
          "f1-score": 0.4049094694801953,
          "support": 31201.0
        },
        "1": {
          "precision": 0.5123121322289269,
          "recall": 0.411754074163328,
          "f1-score": 0.4565616754066602,
          "support": 66394.0
        },
        "accuracy": 0.44088201431646395,
        "macro avg": {
          "precision": 0.4386507134190169,
          "recall": 0.4568248416844825,
          "f1-score": 0.4371653993927262,
          "support": 159816.0
        },
        "weighted avg": {
          "precision": 0.4623436523133159,
          "recall": 0.44088201431646395,
          "f1-score": 0.4439326793002001,
          "support": 159816.0
        }
      },
      "val": {
        "-1": {
          "precision": 0.39704865114134197,
          "recall": 0.3950749464668094,
          "f1-score": 0.39605933990110015,
          "support": 13076.0
        },
        "0": {
          "precision": 0.26442451420029894,
          "recall": 0.517629846378932,
          "f1-score": 0.3500371011625031,
          "support": 6835.0
        },
        "1": {
          "precision": 0.47562062380649267,
          "recall": 0.2606208580397628,
          "f1-score": 0.3367282559711582,
          "support": 14335.0
        },
        "accuracy": 0.3632541026689248,
        "macro avg": {
          "precision": 0.3790312630493779,
          "recall": 0.39110855029516806,
          "f1-score": 0.3609415656782538,
          "support": 34246.0
        },
        "weighted avg": {
          "precision": 0.40346818195261647,
          "recall": 0.3632541026689248,
          "f1-score": 0.3620386341277535,
          "support": 34246.0
        }
      },
      "test": {
        "-1": {
          "precision": 0.41946826758147515,
          "recall": 0.36620245582509736,
          "f1-score": 0.3910297409657819,
          "support": 13356.0
        },
        "0": {
          "precision": 0.2942302782741894,
          "recall": 0.5876354365838113,
          "f1-score": 0.39212350614553654,
          "support": 7845.0
        },
        "1": {
          "precision": 0.44804162451221274,
          "recall": 0.2376207266595125,
          "f1-score": 0.3105434510393188,
          "support": 13046.0
        },
        "accuracy": 0.36794463748649514,
        "macro avg": {
          "precision": 0.3872467234559591,
          "recall": 0.3971528730228071,
          "f1-score": 0.36456556605021245,
          "support": 34247.0
        },
        "weighted avg": {
          "precision": 0.40166454720896794,
          "recall": 0.36794463748649514,
          "f1-score": 0.36061996637105936,
          "support": 34247.0
        }
      }
    },
    "confusion_matrix": [
      [
        4891,
        5723,
        2742
      ],
      [
        2158,
        4610,
        1077
      ],
      [
        4611,
        5335,
        3100
      ]
    ],
    "backtest_pnl": -1204.8300000001516,
    "equity_curve": [
      -1098.6600000001497,
      -1098.6600000001497,
      -1098.6600000001497,
      -1098.6600000001497,
      -1098.8800000001497,
      -1099.1000000001497,
      -1099.3200000001498,
      -1099.5400000001498,
      -1099.7600000001498,
      -1099.9800000001499,
      -1100.2000000001499,
      -1100.12000000015,
      -1100.04000000015,
      -1099.96000000015,
      -1099.8800000001502,
      -1100.1000000001502,
      -1100.0200000001503,
      -1099.9400000001503,
      -1099.8600000001504,
      -1099.7800000001505,
      -1099.8500000001504,
      -1099.7700000001505,
      -1099.6900000001506,
      -1099.6100000001506,
      -1099.5300000001507,
      -1099.4500000001508,
      -1099.3700000001509,
      -1099.290000000151,
      -1099.290000000151,
      -1099.210000000151,
      -1099.210000000151,
      -1099.280000000151,
      -1099.3500000001509,
      -1099.4200000001508,
      -1099.340000000151,
      -1099.260000000151,
      -1099.480000000151,
      -1099.480000000151,
      -1099.480000000151,
      -1099.480000000151,
      -1099.480000000151,
      -1099.400000000151,
      -1099.470000000151,
      -1099.690000000151,
      -1099.910000000151,
      -1100.130000000151,
      -1100.130000000151,
      -1100.130000000151,
      -1100.130000000151,
      -1100.130000000151,
      -1100.130000000151,
      -1100.350000000151,
      -1100.350000000151,
      -1100.350000000151,
      -1100.350000000151,
      -1100.350000000151,
      -1100.350000000151,
      -1100.5700000001511,
      -1100.7900000001512,
      -1101.0100000001512,
      -1101.2300000001512,
      -1101.4500000001512,
      -1101.6700000001513,
      -1101.8900000001513,
      -1102.1100000001513,
      -1102.3300000001514,
      -1102.5500000001514,
      -1102.6200000001513,
      -1102.6900000001513,
      -1102.7600000001512,
      -1102.7600000001512,
      -1102.7600000001512,
      -1102.7600000001512,
      -1102.7600000001512,
      -1102.9800000001512,
      -1102.9800000001512,
      -1102.9800000001512,
      -1103.2000000001512,
      -1103.4200000001513,
      -1103.4200000001513,
      -1103.4200000001513,
      -1103.3400000001513,
      -1103.2600000001514,
      -1103.1800000001515,
      -1103.1000000001516,
      -1103.0200000001516,
      -1102.9400000001517,
      -1103.0100000001516,
      -1103.0800000001516,
      -1103.1500000001515,
      -1103.3700000001515,
      -1103.5900000001516,
      -1103.6600000001515,
      -1103.7300000001514,
      -1103.9500000001515,
      -1104.1700000001515,
      -1104.3900000001515,
      -1104.6100000001516,
      -1104.8300000001516,
      -1104.8300000001516
    ],
    "feature_importance": {
      "atr_pct_14": 87.51528930664062,
      "bb_pct_upper": 22.652149200439453,
      "bb_pct_lower": 21.901884078979492,
      "volume_sma_ratio": 10.654441833496094,
      "rsi_14": 8.871201515197754,
      "macd_hist": 8.704825401306152,
      "macd_line": 8.54092788696289,
      "macd_signal": 6.753653049468994,
      "cmf_20": 5.838441848754883
    },
    "overfitting_warning": false
  },
  "lightgbm": {
    "reports": {
      "train": {
        "-1": {
          "precision": 0.46664703283757913,
          "recall": 0.40745086064190544,
          "f1-score": 0.4350444877261924,
          "support": 62221.0
        },
        "0": {
          "precision": 0.32043446101140655,
          "recall": 0.5276112945097914,
          "f1-score": 0.39871631849833483,
          "support": 31201.0
        },
        "1": {
          "precision": 0.5021990612410836,
          "recall": 0.40931409464710666,
          "f1-score": 0.4510239984067448,
          "support": 66394.0
        },
        "accuracy": 0.43168393652700604,
        "macro avg": {
          "precision": 0.42976018503002306,
          "recall": 0.44812541659960115,
          "f1-score": 0.4282616015437573,
          "support": 159816.0
        },
        "weighted avg": {
          "precision": 0.4528715843234996,
          "recall": 0.43168393652700604,
          "f1-score": 0.43459064345556997,
          "support": 159816.0
        }
      },
      "val": {
        "-1": {
          "precision": 0.40860791142066255,
          "recall": 0.3499541144080759,
          "f1-score": 0.37701338825952624,
          "support": 13076.0
        },
        "0": {
          "precision": 0.26616106897797037,
          "recall": 0.5391367959034382,
          "f1-score": 0.35638297872340424,
          "support": 6835.0
        },
        "1": {
          "precision": 0.47674418604651164,
          "recall": 0.3060341820718521,
          "f1-score": 0.372774780133407,
          "support": 14335.0
        },