{
  "rsi_14": {
    "p1": 8.73477726448343,
    "p99": 81.88924967279902
  },
  "macd_line": {
    "p1": -0.006500184833953216,
    "p99": 0.01102160174141419
  },
  "macd_signal": {
    "p1": -0.006199946185776459,
    "p99": 0.009534195461209954
  },
  "macd_hist": {
    "p1": -0.0022171472404184226,
    "p99": 0.0036072636917085428
  },
  "bb_pct_upper": {
    "p1": -0.38218888136140183,
    "p99": 3.8637627677786943
  },
  "bb_pct_lower": {
    "p1": -0.27950032301111694,
    "p99": 6.509116233199695
  },
  "atr_pct_14": {
    "p1": 0.5637480792035785,
    "p99": 1.2054095761355916
  },
  "volatility_regime": {
    "p1": 0.04353754940711462,
    "p99": 0.8631118881118881
  },
  "trend_regime_slope": {
    "p1": -0.5049505067987979,
    "p99": 0.16550844971044876
  },
  "adx_14": {
    "p1": 12.090178730406791,
    "p99": 45.225526848047515
  },
  "cmf_20": {
    "p1": -0.15516998348403752,
    "p99": 0.20304688013554664
  },
  "volume_sma_ratio": {
    "p1": 0.273170591401038,
    "p99": 4.113867104072661
  },
  "corr_btc_eth_20": {
    "p1": 0.20751406165035038,
    "p99": 0.8822212788159393
  },
  "corr_btc_sol_20": {
    "p1": 0.20508943042057512,
    "p99": 0.8830112661714712
  },
  "corr_btc_eth_100": {
    "p1": 0.0,
    "p99": 0.7314653567227661
  },
  "corr_btc_sol_100": {
    "p1": 0.0,
    "p99": 0.705902394540366
  },
  "ratio_btc_eth_norm": {
    "p1": -1.0949081135437775,
    "p99": 0.08560214965126205
  },
  "ratio_btc_sol_norm": {
    "p1": -0.9091415054615011,
    "p99": 0.2569006173528837
  },
  "ratio_btc_bnb_norm": {
    "p1": -0.3043691605451857,
    "p99": 1.2072924768359188
  },
  "btc_funding_rate": {
    "p1": 1.894e-05,
    "p99": 8.926e-05
  },
  "funding_mom_1": {
    "p1": -1.0948099999999998e-05,
    "p99": 2.0101799999999988e-05
  },
  "funding_mom_3": {
    "p1": -7.031999999999999e-05,
    "p99": 3.526e-05
  },
  "funding_spread_eth": {
    "p1": -2.2130000000000007e-05,
    "p99": 4.7999999999999994e-05
  },
  "funding_spread_sol": {
    "p1": -4.600000000000001e-05,
    "p99": 0.00010357
  },
  "funding_spread_bnb": {
    "p1": -0.00011359,
    "p99": 5.278e-05
  }
}