{
  "rsi_14": {
    "p1": 25.100433154771338,
    "p99": 84.1767352360965
  },
  "macd_line": {
    "p1": -8.258964422320336e-06,
    "p99": 1.4647148177397236e-05
  },
  "macd_signal": {
    "p1": -6.2306100461769845e-06,
    "p99": 1.3032085626850642e-05
  },
  "macd_hist": {
    "p1": -5.004695409237349e-06,
    "p99": 5.06616366350701e-06
  },
  "bb_pct_upper": {
    "p1": -0.10056088957557902,
    "p99": 1.4622999885375547
  },
  "bb_pct_lower": {
    "p1": -0.09895099831805947,
    "p99": 2.0908083311400003
  },
  "atr_pct_14": {
    "p1": 0.17190408683266659,
    "p99": 0.5715735343788194
  },
  "volatility_regime": {
    "p1": 0.0054903020476790975,
    "p99": 1.0
  },
  "trend_regime_slope": {
    "p1": -0.04220704980244589,
    "p99": 0.19492566859922933
  },
  "adx_14": {
    "p1": 8.390273816907321,
    "p99": 68.62804958478208
  },
  "cmf_20": {
    "p1": -0.2622516610501645,
    "p99": 0.31429091356848404
  },
  "volume_sma_ratio": {
    "p1": 0.25429394676968003,
    "p99": 3.8212533446462715
  },
  "corr_btc_eth_20": {
    "p1": -0.43581865337236486,
    "p99": 0.6692931914384189
  },
  "corr_btc_sol_20": {
    "p1": -0.37453845118212553,
    "p99": 0.5858868982692903
  },
  "corr_btc_eth_100": {
    "p1": -0.12643880929966905,
    "p99": 0.42552276441986925
  },
  "corr_btc_sol_100": {
    "p1": -0.022679402062695572,
    "p99": 0.42700720099921435
  },
  "ratio_btc_eth_norm": {
    "p1": -2.8335847344422795,
    "p99": 2.818209290410894
  },
  "ratio_btc_sol_norm": {
    "p1": -2.5245270316400363,
    "p99": 2.7774680982741367
  },
  "ratio_btc_bnb_norm": {
    "p1": -1.9074980414908485,
    "p99": 2.7679763875933605
  },
  "btc_funding_rate": {
    "p1": 0.0,
    "p99": 0.0
  },
  "funding_mom_1": {
    "p1": 0.0,
    "p99": 0.0
  },
  "funding_mom_3": {
    "p1": 0.0,
    "p99": 0.0
  },
  "funding_spread_eth": {
    "p1": 0.0,
    "p99": 0.0
  },
  "funding_spread_sol": {
    "p1": 0.0,
    "p99": 0.0
  },
  "funding_spread_bnb": {
    "p1": 0.0,
    "p99": 0.0
  }
}