{
  "rsi_14": {
    "p1": 15.434573075267815,
    "p99": 87.00684467714737
  },
  "macd_line": {
    "p1": -8.547398850008557e-06,
    "p99": 1.2320243838362644e-05
  },
  "macd_signal": {
    "p1": -7.671688459769869e-06,
    "p99": 1.1094750263475401e-05
  },
  "macd_hist": {
    "p1": -3.603572521720431e-06,
    "p99": 4.494997634876724e-06
  },
  "bb_pct_upper": {
    "p1": -0.08463741468334851,
    "p99": 1.3236857603357248
  },
  "bb_pct_lower": {
    "p1": -0.07789573615136307,
    "p99": 1.6954160758515853
  },
  "atr_pct_14": {
    "p1": 0.08921150808892096,
    "p99": 0.3591424926349502
  },
  "volatility_regime": {
    "p1": 0.0068819151738672285,
    "p99": 0.9931149755281056
  },
  "trend_regime_slope": {
    "p1": -0.0747240222506111,
    "p99": 0.12775527664426392
  },
  "adx_14": {
    "p1": 7.034074271648678,
    "p99": 73.80066055922978
  },
  "cmf_20": {
    "p1": -0.33912742410699515,
    "p99": 0.4148386659850761
  },
  "volume_sma_ratio": {
    "p1": 0.13496661747977745,
    "p99": 4.480746694458652
  },
  "corr_btc_eth_20": {
    "p1": 0.1223864617681279,
    "p99": 0.9571103061876675
  },
  "corr_btc_sol_20": {
    "p1": 0.1944704811299211,
    "p99": 0.9575444066844845
  },
  "corr_btc_eth_100": {
    "p1": 0.0,
    "p99": 0.9208090391389965
  },
  "corr_btc_sol_100": {
    "p1": 0.0,
    "p99": 0.9093308401470576
  },
  "ratio_btc_eth_norm": {
    "p1": -3.336450072379544,
    "p99": 2.7879340665368235
  },
  "ratio_btc_sol_norm": {
    "p1": -2.9310387228145145,
    "p99": 2.8051320337238597
  },
  "ratio_btc_bnb_norm": {
    "p1": -2.2878040400730018,
    "p99": 2.884601946694477
  },
  "btc_funding_rate": {
    "p1": 0.0,
    "p99": 0.0
  },
  "funding_mom_1": {
    "p1": 0.0,
    "p99": 0.0
  },
  "funding_mom_3": {
    "p1": 0.0,
    "p99": 0.0
  },
  "funding_spread_eth": {
    "p1": 0.0,
    "p99": 0.0
  },
  "funding_spread_sol": {
    "p1": 0.0,
    "p99": 0.0
  },
  "funding_spread_bnb": {
    "p1": 0.0,
    "p99": 0.0
  }
}