{
  "rsi_14": {
    "p1": 16.92072401204253,
    "p99": 81.30942373411149
  },
  "macd_line": {
    "p1": -0.20286429542620624,
    "p99": 0.2152649630968389
  },
  "macd_signal": {
    "p1": -0.1842369273871119,
    "p99": 0.2022630587712233
  },
  "macd_hist": {
    "p1": -0.07033558431872683,
    "p99": 0.08587295332126026
  },
  "bb_pct_upper": {
    "p1": -0.11194180240109408,
    "p99": 1.4051353285448072
  },
  "bb_pct_lower": {
    "p1": -0.08862619737945196,
    "p99": 1.6222970296164119
  },
  "atr_pct_14": {
    "p1": 0.07256142614836993,
    "p99": 0.4291066112114455
  },
  "volatility_regime": {
    "p1": 0.0037628291260470566,
    "p99": 0.9988583431180691
  },
  "trend_regime_slope": {
    "p1": -0.09964260410742588,
    "p99": 0.14097549772755957
  },
  "adx_14": {
    "p1": 8.937231544834304,
    "p99": 65.48843757994133
  },
  "cmf_20": {
    "p1": -0.2827509712418451,
    "p99": 0.31079055169435055
  },
  "volume_sma_ratio": {
    "p1": 0.24115610187842337,
    "p99": 4.761376792516941
  },
  "return_1": {
    "p1": -0.002765198572486818,
    "p99": 0.0036079643114551073
  },
  "return_2": {
    "p1": -0.003640952331884204,
    "p99": 0.005516657037079527
  },
  "return_3": {
    "p1": -0.004716574714745878,
    "p99": 0.006521930234462796
  },
  "return_5": {
    "p1": -0.006096098686167601,
    "p99": 0.007864169413909172
  },
  "ma10_ratio": {
    "p1": -0.004833929107784502,
    "p99": 0.006000937165411002
  },
  "ma30_ratio": {
    "p1": -0.007439759309238208,
    "p99": 0.00852834730642055
  },
  "bb_zscore": {
    "p1": -2.5641151287508173,
    "p99": 2.641696708411941
  },
  "macd_hist_ratio": {
    "p1": -0.0028251277083963878,
    "p99": 0.002469332345224143
  },
  "volume_ratio": {
    "p1": 0.24115610187842337,
    "p99": 4.761376792516941
  },
  "fft_real": {
    "p1": -2.125831664630245,
    "p99": 2.2381652951804503
  },
  "fft_imag": {
    "p1": -3.3226829787942456,
    "p99": 3.512649839011054
  },
  "corr_btc_eth_20": {
    "p1": 1.0000000000000004,
    "p99": 1.0000000000000366
  },
  "corr_btc_sol_20": {
    "p1": 1.0000000000000004,
    "p99": 1.0000000000000366
  },
  "corr_btc_eth_100": {
    "p1": 0.0,
    "p99": 1.0000000000000024
  },
  "corr_btc_sol_100": {
    "p1": 0.0,
    "p99": 1.0000000000000024
  },
  "ratio_btc_eth_norm": {
    "p1": 0.0,
    "p99": 0.0
  },
  "ratio_btc_sol_norm": {
    "p1": 0.0,
    "p99": 0.0
  },
  "ratio_btc_bnb_norm": {
    "p1": 0.0,
    "p99": 0.0
  },
  "btc_funding_rate": {
    "p1": 0.0,
    "p99": 0.0
  },
  "funding_mom_1": {
    "p1": 0.0,
    "p99": 0.0
  },
  "funding_mom_3": {
    "p1": 0.0,
    "p99": 0.0
  },
  "funding_spread_eth": {
    "p1": 0.0,
    "p99": 0.0
  },
  "funding_spread_sol": {
    "p1": 0.0,
    "p99": 0.0
  },
  "funding_spread_bnb": {
    "p1": 0.0,
    "p99": 0.0
  }
}