{
  "rsi_14": {
    "p1": 26.117272335706637,
    "p99": 78.12105841432529
  },
  "macd_line": {
    "p1": -0.18491902582874759,
    "p99": 0.3140014820560671
  },
  "macd_signal": {
    "p1": -0.15580941740785434,
    "p99": 0.281276497630882
  },
  "macd_hist": {
    "p1": -0.10554710843579823,
    "p99": 0.11381232507566566
  },
  "bb_pct_upper": {
    "p1": -0.15838055807942564,
    "p99": 1.8750188311333202
  },
  "bb_pct_lower": {
    "p1": -0.1716884369259718,
    "p99": 2.3910793753664685
  },
  "atr_pct_14": {
    "p1": 0.1595073485253202,
    "p99": 0.6649303805500946
  },
  "volatility_regime": {
    "p1": 0.01087912087912088,
    "p99": 1.0
  },
  "trend_regime_slope": {
    "p1": -0.10882222264639582,
    "p99": 0.2027739381621363
  },
  "adx_14": {
    "p1": 8.818560718278,
    "p99": 69.38210716189161
  },
  "cmf_20": {
    "p1": -0.25245385583734614,
    "p99": 0.22644978685214265
  },
  "volume_sma_ratio": {
    "p1": 0.2521356743226301,
    "p99": 3.8738839644910037
  },
  "corr_btc_eth_20": {
    "p1": -0.5082146117803126,
    "p99": 0.8225651594325746
  },
  "corr_btc_sol_20": {
    "p1": -0.3498662838772146,
    "p99": 0.7911563685523217
  },
  "corr_btc_eth_100": {
    "p1": 0.0,
    "p99": 0.595623262385585
  },
  "corr_btc_sol_100": {
    "p1": 0.0,
    "p99": 0.6000744784446369
  },
  "ratio_btc_eth_norm": {
    "p1": -2.7631139095445354,
    "p99": 2.4748584726753298
  },
  "ratio_btc_sol_norm": {
    "p1": -2.6602826465348244,
    "p99": 2.6719853305875976
  },
  "ratio_btc_bnb_norm": {
    "p1": -2.1188547444475314,
    "p99": 2.660361996801456
  },
  "btc_funding_rate": {
    "p1": 0.0,
    "p99": 0.0
  },
  "funding_mom_1": {
    "p1": 0.0,
    "p99": 0.0
  },
  "funding_mom_3": {
    "p1": 0.0,
    "p99": 0.0
  },
  "funding_spread_eth": {
    "p1": 0.0,
    "p99": 0.0
  },
  "funding_spread_sol": {
    "p1": 0.0,
    "p99": 0.0
  },
  "funding_spread_bnb": {
    "p1": 0.0,
    "p99": 0.0
  }
}