{
  "rsi_14": {
    "p1": 34.3907559279537,
    "p99": 80.36303219331135
  },
  "macd_line": {
    "p1": -0.03998209589721426,
    "p99": 0.5047468211513284
  },
  "macd_signal": {
    "p1": -0.026543764901200168,
    "p99": 0.4700890479374121
  },
  "macd_hist": {
    "p1": -0.129021270903919,
    "p99": 0.0862793368110046
  },
  "bb_pct_upper": {
    "p1": -0.2826403127170825,
    "p99": 1.5853783102726124
  },
  "bb_pct_lower": {
    "p1": -0.020190758159887936,
    "p99": 2.897183592495297
  },
  "atr_pct_14": {
    "p1": 0.3422725835133436,
    "p99": 0.9604693864408291
  },
  "volatility_regime": {
    "p1": 0.04515810276679842,
    "p99": 1.0
  },
  "trend_regime_slope": {
    "p1": -0.059187466035844113,
    "p99": 0.3047912563836082
  },
  "adx_14": {
    "p1": 11.580502097738178,
    "p99": 42.649345731990486
  },
  "cmf_20": {
    "p1": -0.12529484889471065,
    "p99": 0.2830262224150221
  },
  "volume_sma_ratio": {
    "p1": 0.3246562447842868,
    "p99": 3.473094358779902
  },
  "return_1": {
    "p1": -0.007487485051328397,
    "p99": 0.008141174026972812
  },
  "return_2": {
    "p1": -0.010850672120528681,
    "p99": 0.008048490879348873
  },
  "return_3": {
    "p1": -0.01388093602590853,
    "p99": 0.011283133956074543
  },
  "return_5": {
    "p1": -0.010595921974981808,
    "p99": 0.016443314849044998
  },
  "ma10_ratio": {
    "p1": -0.007836604645785044,
    "p99": 0.009720034909930075
  },
  "ma30_ratio": {
    "p1": -0.006926206574881326,
    "p99": 0.017172794816810003
  },
  "bb_zscore": {
    "p1": -2.0575793403836826,
    "p99": 2.613586312193452
  },
  "macd_hist_ratio": {
    "p1": -0.006274897220263544,
    "p99": 0.0006364837530806922
  },
  "volume_ratio": {
    "p1": 0.3246562447842868,
    "p99": 3.473094358779902
  },
  "fft_real": {
    "p1": -3.921066390081374,
    "p99": 2.9798120941614274
  },
  "fft_imag": {
    "p1": -2.0050015613204324,
    "p99": 7.9015361810481375
  },
  "corr_btc_eth_20": {
    "p1": 0.5192103121776473,
    "p99": 0.9306452610571274
  },
  "corr_btc_sol_20": {
    "p1": 0.9999999999999986,
    "p99": 1.0000000000000009
  },
  "corr_btc_eth_100": {
    "p1": 0.0,
    "p99": 0.9049370338246425
  },
  "corr_btc_sol_100": {
    "p1": 0.0,
    "p99": 1.0000000000000004
  },
  "ratio_btc_eth_norm": {
    "p1": -2.948421927029698,
    "p99": 0.0
  },
  "ratio_btc_sol_norm": {
    "p1": 0.0,
    "p99": 0.0
  },
  "ratio_btc_bnb_norm": {
    "p1": 0.0,
    "p99": 1.9975779908286768
  },
  "btc_funding_rate": {
    "p1": 1.894e-05,
    "p99": 8.926e-05
  },
  "funding_mom_1": {
    "p1": -1.3480499999999996e-05,
    "p99": 2.257800000000008e-05
  },
  "funding_mom_3": {
    "p1": -7.031999999999999e-05,
    "p99": 3.526e-05
  },
  "funding_spread_eth": {
    "p1": -2.2130000000000007e-05,
    "p99": 4.7999999999999994e-05
  },
  "funding_spread_sol": {
    "p1": -4.600000000000001e-05,
    "p99": 0.00010357
  },
  "funding_spread_bnb": {
    "p1": -0.00011359,
    "p99": 5.278e-05
  }
}