{
  "rsi_14": {
    "p1": 34.471449712751244,
    "p99": 80.34528253273264
  },
  "macd_line": {
    "p1": -0.05144233794978462,
    "p99": 0.5033289216617344
  },
  "macd_signal": {
    "p1": -0.14478742410430925,
    "p99": 0.4697125296550276
  },
  "macd_hist": {
    "p1": -0.12879740728829678,
    "p99": 0.13140158648240285
  },
  "bb_pct_upper": {
    "p1": -0.3055706792036253,
    "p99": 1.3908623128683808
  },
  "bb_pct_lower": {
    "p1": 0.07868457936539204,
    "p99": 3.2212116927852557
  },
  "atr_pct_14": {
    "p1": 0.3445258647125576,
    "p99": 0.9692343651628413
  },
  "volatility_regime": {
    "p1": 0.04551948051948052,
    "p99": 1.0
  },
  "trend_regime_slope": {
    "p1": -0.07883710893164023,
    "p99": 0.3045085883821222
  },
  "adx_14": {
    "p1": 11.744500463236188,
    "p99": 57.03212875243447
  },
  "cmf_20": {
    "p1": -0.12344260465446012,
    "p99": 0.3018145838127245
  },
  "volume_sma_ratio": {
    "p1": 0.2688630152798445,
    "p99": 3.423540637925769
  },
  "corr_btc_eth_20": {
    "p1": 0.5247049833060026,
    "p99": 0.9568510973032746
  },
  "corr_btc_sol_20": {
    "p1": 0.9999999999999986,
    "p99": 1.0000000000000009
  },
  "corr_btc_eth_100": {
    "p1": 0.0,
    "p99": 0.9048605829472408
  },
  "corr_btc_sol_100": {
    "p1": 0.0,
    "p99": 1.0000000000000004
  },
  "ratio_btc_eth_norm": {
    "p1": -2.9249863818827952,
    "p99": 0.0
  },
  "ratio_btc_sol_norm": {
    "p1": 0.0,
    "p99": 0.0
  },
  "ratio_btc_bnb_norm": {
    "p1": 0.0,
    "p99": 1.9901120893933177
  },
  "btc_funding_rate": {
    "p1": 1.894e-05,
    "p99": 8.926e-05
  },
  "funding_mom_1": {
    "p1": -1.0948099999999998e-05,
    "p99": 2.0101799999999988e-05
  },
  "funding_mom_3": {
    "p1": -7.031999999999999e-05,
    "p99": 3.526e-05
  },
  "funding_spread_eth": {
    "p1": -2.2130000000000007e-05,
    "p99": 4.7999999999999994e-05
  },
  "funding_spread_sol": {
    "p1": -4.600000000000001e-05,
    "p99": 0.00010357
  },
  "funding_spread_bnb": {
    "p1": -0.00011359,
    "p99": 5.278e-05
  }
}