{
  "rsi_14": {
    "p1": 16.666666440075968,
    "p99": 82.17221972292018
  },
  "macd_line": {
    "p1": -0.20284303232603634,
    "p99": 0.22331249592670024
  },
  "macd_signal": {
    "p1": -0.18406475322228483,
    "p99": 0.20399824810205303
  },
  "macd_hist": {
    "p1": -0.06980146045961481,
    "p99": 0.09564586907398588
  },
  "bb_pct_upper": {
    "p1": -0.11093371183715099,
    "p99": 1.404474507216073
  },
  "bb_pct_lower": {
    "p1": -0.08521296237146334,
    "p99": 1.688826539089502
  },
  "atr_pct_14": {
    "p1": 0.07294601145748594,
    "p99": 0.4175728601012377
  },
  "volatility_regime": {
    "p1": 0.0038035874960090556,
    "p99": 1.0
  },
  "trend_regime_slope": {
    "p1": -0.09896324464377111,
    "p99": 0.14102943151815917
  },
  "adx_14": {
    "p1": 8.796748888968049,
    "p99": 67.81480888766514
  },
  "cmf_20": {
    "p1": -0.2790957901360366,
    "p99": 0.30870153019839847
  },
  "volume_sma_ratio": {
    "p1": 0.24544914384339453,
    "p99": 4.704852786470812
  },
  "corr_btc_eth_20": {
    "p1": 0.49512274294230163,
    "p99": 0.9589783078850775
  },
  "corr_btc_sol_20": {
    "p1": 1.0000000000000002,
    "p99": 1.0000000000000366
  },
  "corr_btc_eth_100": {
    "p1": 0.0,
    "p99": 0.9354780572866545
  },
  "corr_btc_sol_100": {
    "p1": 0.0,
    "p99": 1.0000000000000024
  },
  "ratio_btc_eth_norm": {
    "p1": -2.816517314721333,
    "p99": 2.7512718505367273
  },
  "ratio_btc_sol_norm": {
    "p1": 0.0,
    "p99": 0.0
  },
  "ratio_btc_bnb_norm": {
    "p1": -2.4984874247418354,
    "p99": 3.2191341754866514
  },
  "btc_funding_rate": {
    "p1": 0.0,
    "p99": 0.0
  },
  "funding_mom_1": {
    "p1": 0.0,
    "p99": 0.0
  },
  "funding_mom_3": {
    "p1": 0.0,
    "p99": 0.0
  },
  "funding_spread_eth": {
    "p1": 0.0,
    "p99": 0.0
  },
  "funding_spread_sol": {
    "p1": 0.0,
    "p99": 0.0
  },
  "funding_spread_bnb": {
    "p1": 0.0,
    "p99": 0.0
  }
}