{
  "rsi_14": {
    "p1": 26.01636337292073,
    "p99": 77.84223628294303
  },
  "macd_line": {
    "p1": -0.21072956910694926,
    "p99": 0.302098622183671
  },
  "macd_signal": {
    "p1": -0.15853732822685435,
    "p99": 0.26231691979659455
  },
  "macd_hist": {
    "p1": -0.10473531188319908,
    "p99": 0.0937255396585932
  },
  "bb_pct_upper": {
    "p1": -0.22407368899229213,
    "p99": 1.8962136432245111
  },
  "bb_pct_lower": {
    "p1": -0.1661619161996234,
    "p99": 2.39314482932435
  },
  "atr_pct_14": {
    "p1": 0.1558872571644554,
    "p99": 0.669060652637084
  },
  "volatility_regime": {
    "p1": 0.010298273155416012,
    "p99": 1.0
  },
  "trend_regime_slope": {
    "p1": -0.10966830301831307,
    "p99": 0.20395869839418082
  },
  "adx_14": {
    "p1": 8.835070817051266,
    "p99": 69.93292415339401
  },
  "cmf_20": {
    "p1": -0.2638796790120405,
    "p99": 0.22347311587686977
  },
  "volume_sma_ratio": {
    "p1": 0.27237943631672756,
    "p99": 4.193978445340591
  },
  "return_1": {
    "p1": -0.004928449670377755,
    "p99": 0.006079127635344097
  },
  "return_2": {
    "p1": -0.006980052435108055,
    "p99": 0.009549342316711673
  },
  "return_3": {
    "p1": -0.008325808133691602,
    "p99": 0.009791920465927377
  },
  "return_5": {
    "p1": -0.009967280852213269,
    "p99": 0.01103802308116537
  },
  "ma10_ratio": {
    "p1": -0.0072684650527853195,
    "p99": 0.006983948911091245
  },
  "ma30_ratio": {
    "p1": -0.01019336346495104,
    "p99": 0.011503939744612581
  },
  "bb_zscore": {
    "p1": -2.6256836639814027,
    "p99": 2.5332048498503545
  },
  "macd_hist_ratio": {
    "p1": -0.003256439457439851,
    "p99": 0.0022347160034023547
  },
  "volume_ratio": {
    "p1": 0.27237943631672756,
    "p99": 4.193978445340591
  },
  "fft_real": {
    "p1": -3.5108976640924547,
    "p99": 2.886299479118451
  },
  "fft_imag": {
    "p1": -3.4168740333442424,
    "p99": 4.713941858107889
  },
  "corr_btc_eth_20": {
    "p1": 0.9999999999999895,
    "p99": 1.0
  },
  "corr_btc_sol_20": {
    "p1": 0.9999999999999895,
    "p99": 1.0
  },
  "corr_btc_eth_100": {
    "p1": 0.0,
    "p99": 1.0000000000000002
  },
  "corr_btc_sol_100": {
    "p1": 0.0,
    "p99": 1.0000000000000002
  },
  "ratio_btc_eth_norm": {
    "p1": 0.0,
    "p99": 0.0
  },
  "ratio_btc_sol_norm": {
    "p1": 0.0,
    "p99": 0.0
  },
  "ratio_btc_bnb_norm": {
    "p1": 0.0,
    "p99": 0.0
  },
  "btc_funding_rate": {
    "p1": 0.0,
    "p99": 0.0
  },
  "funding_mom_1": {
    "p1": 0.0,
    "p99": 0.0
  },
  "funding_mom_3": {
    "p1": 0.0,
    "p99": 0.0
  },
  "funding_spread_eth": {
    "p1": 0.0,
    "p99": 0.0
  },
  "funding_spread_sol": {
    "p1": 0.0,
    "p99": 0.0
  },
  "funding_spread_bnb": {
    "p1": 0.0,
    "p99": 0.0
  }
}