{
  "rsi_14": {
    "p1": 16.600143953950656,
    "p99": 84.30832482537613
  },
  "macd_line": {
    "p1": -262.40944610441164,
    "p99": 257.4275857541622
  },
  "macd_signal": {
    "p1": -247.5084298624862,
    "p99": 243.06461915353677
  },
  "macd_hist": {
    "p1": -73.73681021413827,
    "p99": 76.9772536854767
  },
  "bb_pct_upper": {
    "p1": -0.18087570162741076,
    "p99": 3.5787618554034615
  },
  "bb_pct_lower": {
    "p1": -0.1889821965256146,
    "p99": 3.43273117617447
  },
  "atr_pct_14": {
    "p1": 0.03372557575948557,
    "p99": 0.9991488015313227
  },
  "volatility_regime": {
    "p1": 0.0042824074074074075,
    "p99": 0.992824074074074
  },
  "trend_regime_slope": {
    "p1": -0.4253897997704529,
    "p99": 0.3813854911367154
  },
  "adx_14": {
    "p1": 8.237930802662191,
    "p99": 78.79845020341067
  },
  "cmf_20": {
    "p1": -0.32637133976447985,
    "p99": 0.3486629309132969
  },
  "volume_sma_ratio": {
    "p1": 0.23156587641021453,
    "p99": 4.667728516791707
  },
  "corr_btc_eth_20": {
    "p1": 0.44600924280591814,
    "p99": 0.9740121755809025
  },
  "corr_btc_sol_20": {
    "p1": -0.050428836197953,
    "p99": 0.9434192801810694
  },
  "corr_btc_eth_100": {
    "p1": 0.5834371074099121,
    "p99": 0.9537817555027432
  },
  "corr_btc_sol_100": {
    "p1": 0.0,
    "p99": 0.9015277554657899
  },
  "ratio_btc_eth_norm": {
    "p1": -3.161181101895245,
    "p99": 3.127411486115896
  },
  "ratio_btc_sol_norm": {
    "p1": -3.1890310728147813,
    "p99": 3.0883476576639044
  },
  "ratio_btc_bnb_norm": {
    "p1": -3.06981961407525,
    "p99": 3.121545913032661
  },
  "btc_funding_rate": {
    "p1": -0.0002165,
    "p99": 0.00120022
  },
  "funding_mom_1": {
    "p1": 0.0,
    "p99": 0.0
  },
  "funding_mom_3": {
    "p1": -5.079999999999999e-06,
    "p99": 4.119999999999981e-06
  },
  "funding_spread_eth": {
    "p1": -0.0006933999999999999,
    "p99": 0.00036318000000000006
  },
  "funding_spread_sol": {
    "p1": -0.0007558199999999999,
    "p99": 0.00188966
  },
  "funding_spread_bnb": {
    "p1": -0.0009558100000000001,
    "p99": 0.00155349
  }
}