{
  "rsi_14": {
    "p1": 15.960586740167905,
    "p99": 84.9001107809431
  },
  "macd_line": {
    "p1": -13.339320807911008,
    "p99": 14.55092248166352
  },
  "macd_signal": {
    "p1": -11.996846069120902,
    "p99": 13.45139159686831
  },
  "macd_hist": {
    "p1": -4.279163968569216,
    "p99": 3.758864302085641
  },
  "bb_pct_upper": {
    "p1": -0.05435357912167439,
    "p99": 1.092295260167256
  },
  "bb_pct_lower": {
    "p1": -0.04610439303663251,
    "p99": 0.9343353790796267
  },
  "atr_pct_14": {
    "p1": 0.016544204661196847,
    "p99": 0.2590591907657401
  },
  "volatility_regime": {
    "p1": 0.02574870060226054,
    "p99": 0.9966071108372045
  },
  "trend_regime_slope": {
    "p1": -0.11741200369706231,
    "p99": 0.16772407452113233
  },
  "adx_14": {
    "p1": 7.82804693259582,
    "p99": 66.4759275049556
  },
  "cmf_20": {
    "p1": -0.3748690095544008,
    "p99": 0.4172420289308724
  },
  "volume_sma_ratio": {
    "p1": 0.041866960328411224,
    "p99": 4.855477018951828
  },
  "corr_btc_eth_20": {
    "p1": 0.9999999999994681,
    "p99": 1.0
  },
  "corr_btc_sol_20": {
    "p1": 0.9999999999994681,
    "p99": 1.0
  },
  "corr_btc_eth_100": {
    "p1": 0.0,
    "p99": 1.0000000000000027
  },
  "corr_btc_sol_100": {
    "p1": 0.0,
    "p99": 1.0000000000000027
  },
  "ratio_btc_eth_norm": {
    "p1": 0.0,
    "p99": 0.0
  },
  "ratio_btc_sol_norm": {
    "p1": 0.0,
    "p99": 0.0
  },
  "ratio_btc_bnb_norm": {
    "p1": 0.0,
    "p99": 0.0
  },
  "btc_funding_rate": {
    "p1": 0.0,
    "p99": 0.0
  },
  "funding_mom_1": {
    "p1": 0.0,
    "p99": 0.0
  },
  "funding_mom_3": {
    "p1": 0.0,
    "p99": 0.0
  },
  "funding_spread_eth": {
    "p1": 0.0,
    "p99": 0.0
  },
  "funding_spread_sol": {
    "p1": 0.0,
    "p99": 0.0
  },
  "funding_spread_bnb": {
    "p1": 0.0,
    "p99": 0.0
  }
}