{
  "rsi_14": {
    "p1": 12.598065183682529,
    "p99": 87.37237935980961
  },
  "macd_line": {
    "p1": -1.2620803269128158,
    "p99": 1.1161147346562275
  },
  "macd_signal": {
    "p1": -1.1505558167616041,
    "p99": 0.9996010070081551
  },
  "macd_hist": {
    "p1": -0.3330960354076611,
    "p99": 0.4504255533377166
  },
  "bb_pct_upper": {
    "p1": -0.06005533079575306,
    "p99": 1.0753283894529584
  },
  "bb_pct_lower": {
    "p1": -0.06345266040778243,
    "p99": 1.1119790353607608
  },
  "atr_pct_14": {
    "p1": 0.0468968264407426,
    "p99": 0.24289111105970637
  },
  "volatility_regime": {
    "p1": 0.0037668054374263246,
    "p99": 1.0
  },
  "trend_regime_slope": {
    "p1": -0.11691211047004373,
    "p99": 0.08387828613725269
  },
  "adx_14": {
    "p1": 7.910353616928289,
    "p99": 68.03123454108136
  },
  "cmf_20": {
    "p1": -0.39948094769683334,
    "p99": 0.3930233552053701
  },
  "volume_sma_ratio": {
    "p1": 0.2419520718258221,
    "p99": 3.828610207042346
  },
  "corr_btc_eth_20": {
    "p1": 0.14947617190431925,
    "p99": 0.9585945447089368
  },
  "corr_btc_sol_20": {
    "p1": 0.11092873712158947,
    "p99": 0.9553248725041393
  },
  "corr_btc_eth_100": {
    "p1": 0.0,
    "p99": 0.9142218635305558
  },
  "corr_btc_sol_100": {
    "p1": 0.0,
    "p99": 0.9228039459757791
  },
  "ratio_btc_eth_norm": {
    "p1": -3.1983872540956844,
    "p99": 2.389160360497566
  },
  "ratio_btc_sol_norm": {
    "p1": -3.21913417548665,
    "p99": 2.498487424741837
  },
  "ratio_btc_bnb_norm": {
    "p1": 0.0,
    "p99": 0.0
  },
  "btc_funding_rate": {
    "p1": 0.0,
    "p99": 0.0
  },
  "funding_mom_1": {
    "p1": 0.0,
    "p99": 0.0
  },
  "funding_mom_3": {
    "p1": 0.0,
    "p99": 0.0
  },
  "funding_spread_eth": {
    "p1": 0.0,
    "p99": 0.0
  },
  "funding_spread_sol": {
    "p1": 0.0,
    "p99": 0.0
  },
  "funding_spread_bnb": {
    "p1": 0.0,
    "p99": 0.0
  }
}