{
  "rsi_14": {
    "p1": 15.730480349529609,
    "p99": 85.87919993108072
  },
  "macd_line": {
    "p1": -3.115354351334096,
    "p99": 3.0005609078371225
  },
  "macd_signal": {
    "p1": -2.9463158706160364,
    "p99": 2.8597293238922776
  },
  "macd_hist": {
    "p1": -0.8935995429812745,
    "p99": 0.9067551850513248
  },
  "bb_pct_upper": {
    "p1": -0.19540757800141884,
    "p99": 4.825610937230169
  },
  "bb_pct_lower": {
    "p1": -0.23538375029490782,
    "p99": 4.586774243391779
  },
  "atr_pct_14": {
    "p1": 0.05407007897743272,
    "p99": 1.4283183502763266
  },
  "volatility_regime": {
    "p1": 0.004398148148148148,
    "p99": 0.992824074074074
  },
  "trend_regime_slope": {
    "p1": -0.5929081779429753,
    "p99": 0.4887183855142191
  },
  "adx_14": {
    "p1": 7.9568739380790285,
    "p99": 76.9693821458211
  },
  "cmf_20": {
    "p1": -0.34925170351861695,
    "p99": 0.3901449254279612
  },
  "volume_sma_ratio": {
    "p1": 0.2278731740898943,
    "p99": 4.149770759540949
  },
  "corr_btc_eth_20": {
    "p1": 0.08415295883394856,
    "p99": 0.9627280279256557
  },
  "corr_btc_sol_20": {
    "p1": -0.07555833079899124,
    "p99": 0.9411965515104517
  },
  "corr_btc_eth_100": {
    "p1": 0.28732038696170137,
    "p99": 0.9348453933603214
  },
  "corr_btc_sol_100": {
    "p1": 0.0,
    "p99": 0.9031888396214913
  },
  "ratio_btc_eth_norm": {
    "p1": -3.1156125797412604,
    "p99": 3.0379823874481136
  },
  "ratio_btc_sol_norm": {
    "p1": -3.134480189320431,
    "p99": 3.01841414902894
  },
  "ratio_btc_bnb_norm": {
    "p1": 0.0,
    "p99": 0.0
  },
  "btc_funding_rate": {
    "p1": -0.0002165,
    "p99": 0.00119905
  },
  "funding_mom_1": {
    "p1": 0.0,
    "p99": 0.0
  },
  "funding_mom_3": {
    "p1": -5.150000000000001e-06,
    "p99": 4.03e-06
  },
  "funding_spread_eth": {
    "p1": -0.0006933999999999999,
    "p99": 0.00032375
  },
  "funding_spread_sol": {
    "p1": -0.0007558199999999999,
    "p99": 0.00188966
  },
  "funding_spread_bnb": {
    "p1": -0.0009558100000000001,
    "p99": 0.00155194
  }
}