{
  "rsi_14": {
    "p1": 15.815233405769806,
    "p99": 85.82078034486118
  },
  "macd_line": {
    "p1": -456.65739142703825,
    "p99": 444.32846818041804
  },
  "macd_signal": {
    "p1": -430.43927112463865,
    "p99": 417.8843180462392
  },
  "macd_hist": {
    "p1": -128.69888488408506,
    "p99": 135.22804172633224
  },
  "bb_pct_upper": {
    "p1": -0.36188019493014106,
    "p99": 6.175280543105164
  },
  "bb_pct_lower": {
    "p1": -0.36979266059295457,
    "p99": 5.812245842167611
  },
  "atr_pct_14": {
    "p1": 0.07392643350171547,
    "p99": 1.702566065778172
  },
  "volatility_regime": {
    "p1": 0.003703703703703704,
    "p99": 0.9921596712079627
  },
  "trend_regime_slope": {
    "p1": -0.7448566873739693,
    "p99": 0.6178463757532338
  },
  "adx_14": {
    "p1": 8.36415679116949,
    "p99": 80.04912321112455
  },
  "cmf_20": {
    "p1": -0.2755325844694543,
    "p99": 0.31576959121968523
  },
  "volume_sma_ratio": {
    "p1": 0.2286392808248301,
    "p99": 4.618940098769494
  },
  "corr_btc_eth_20": {
    "p1": -0.3582027051610997,
    "p99": 0.7729107826249094
  },
  "corr_btc_sol_20": {
    "p1": -0.3770394875455513,
    "p99": 0.720713896183727
  },
  "corr_btc_eth_100": {
    "p1": -0.10263131370983865,
    "p99": 0.6346919792322214
  },
  "corr_btc_sol_100": {
    "p1": -0.09693999043525775,
    "p99": 0.5572730977882351
  },
  "ratio_btc_eth_norm": {
    "p1": -3.1014817795228002,
    "p99": 3.081707734673391
  },
  "ratio_btc_sol_norm": {
    "p1": -3.169048446481555,
    "p99": 3.0827672759598563
  },
  "ratio_btc_bnb_norm": {
    "p1": -3.0835675248097694,
    "p99": 3.0814754504890867
  },
  "btc_funding_rate": {
    "p1": -0.0002165,
    "p99": 0.00120022
  },
  "funding_mom_1": {
    "p1": -5.0792e-06,
    "p99": 4.117599999999493e-06
  },
  "funding_mom_3": {
    "p1": -8.967920000000001e-05,
    "p99": 8.715e-05
  },
  "funding_spread_eth": {
    "p1": -0.0006933999999999999,
    "p99": 0.00036318000000000006
  },
  "funding_spread_sol": {
    "p1": -0.0007558199999999999,
    "p99": 0.00188966
  },
  "funding_spread_bnb": {
    "p1": -0.0009558100000000001,
    "p99": 0.00155349
  }
}