{
  "rsi_14": {
    "p1": 14.221204467636117,
    "p99": 87.70683636203
  },
  "macd_line": {
    "p1": -898.8832466507001,
    "p99": 877.1671950509946
  },
  "macd_signal": {
    "p1": -838.7946920573934,
    "p99": 817.0779083651069
  },
  "macd_hist": {
    "p1": -262.168229458424,
    "p99": 269.4136223227739
  },
  "bb_pct_upper": {
    "p1": -0.7589588452831703,
    "p99": 12.019906080093579
  },
  "bb_pct_lower": {
    "p1": -0.7563750536075832,
    "p99": 10.957110551950835
  },
  "atr_pct_14": {
    "p1": 0.17703269064472768,
    "p99": 3.243226200351703
  },
  "volatility_regime": {
    "p1": 0.0025462962962962965,
    "p99": 0.9893518518518518
  },
  "trend_regime_slope": {
    "p1": -1.6265494229919517,
    "p99": 1.1551387048679063
  },
  "adx_14": {
    "p1": 8.224627679855837,
    "p99": 80.30619188288887
  },
  "cmf_20": {
    "p1": -0.2581995340582487,
    "p99": 0.3152873166471548
  },
  "volume_sma_ratio": {
    "p1": 0.22955877749377251,
    "p99": 4.280143492556957
  },
  "corr_btc_eth_20": {
    "p1": -0.5236741631966814,
    "p99": 0.5933854856134203
  },
  "corr_btc_sol_20": {
    "p1": -0.49878284956425956,
    "p99": 0.5568358283979834
  },
  "corr_btc_eth_100": {
    "p1": -0.2658261995297109,
    "p99": 0.38165680253520884
  },
  "corr_btc_sol_100": {
    "p1": -0.20511630378435602,
    "p99": 0.3159336398436139
  },
  "ratio_btc_eth_norm": {
    "p1": -3.0715159745614966,
    "p99": 3.022404408515068
  },
  "ratio_btc_sol_norm": {
    "p1": -3.088473929251704,
    "p99": 3.0258585354521936
  },
  "ratio_btc_bnb_norm": {
    "p1": -3.0891183079997506,
    "p99": 3.0626409474090788
  },
  "btc_funding_rate": {
    "p1": -0.00021534079999999996,
    "p99": 0.0011999392000000024
  },
  "funding_mom_1": {
    "p1": -0.00011807559999999998,
    "p99": 0.0001162
  },
  "funding_mom_3": {
    "p1": -0.00028225,
    "p99": 0.00027857
  },
  "funding_spread_eth": {
    "p1": -0.0006918183999999999,
    "p99": 0.0003629136000000023
  },
  "funding_spread_sol": {
    "p1": -0.0007553303999999999,
    "p99": 0.00188966
  },
  "funding_spread_bnb": {
    "p1": -0.0009531699999999999,
    "p99": 0.001553118000000003
  }
}